Model,Dataset,Class,mAP@50,mAP@50-95,TP,FP,FN,Precision,Recall,F1
rf_detr_seg,20240703_neuron-adhered_10x_caged_4_class,all,0.8987242296846283,0.5834905314042591,,,,,,
rf_detr_seg,20240703_neuron-adhered_10x_caged_4_class,cell,0.9081813104397921,0.5639447010835943,22152.0,8232.0,1196.0,0.7290679304897314,0.9487750556792873,0.8245365889972456
rf_detr_seg,20240703_neuron-adhered_10x_caged_4_class,bead,-1.0,-1.0,0.0,0.0,0.0,0.0,0.0,0.0
rf_detr_seg,20240703_neuron-adhered_10x_caged_4_class,cell-adhered,-1.0,-1.0,0.0,0.0,0.0,0.0,0.0,0.0
rf_detr_seg,20240703_neuron-adhered_10x_caged_4_class,soma,0.8892671489294645,0.6030363617249238,11755.0,3902.0,1053.0,0.7507823976496136,0.917785758900687,0.825926576497453
yolov26,20240703_neuron-adhered_10x_caged_4_class,all,0.8256551137478453,0.565782390689657,,,,,,
yolov26,20240703_neuron-adhered_10x_caged_4_class,cell,0.84013625298467,0.5682972347552546,20416.0,3287.0,2932.0,0.8613255706028773,0.8744217920164468,0.8678242757858493
yolov26,20240703_neuron-adhered_10x_caged_4_class,bead,-1.0,-1.0,0.0,0.0,0.0,0.0,0.0,0.0
yolov26,20240703_neuron-adhered_10x_caged_4_class,cell-adhered,-1.0,-1.0,0.0,0.0,0.0,0.0,0.0,0.0
yolov26,20240703_neuron-adhered_10x_caged_4_class,soma,0.8111739745110207,0.5632675466240595,10645.0,1468.0,2163.0,0.8788078923470651,0.8311211742660837,0.8542995866939529
yolo,20240703_neuron-adhered_10x_caged_4_class,all,0.8548213572416083,0.5801930628648616,,,,,,
yolo,20240703_neuron-adhered_10x_caged_4_class,cell,0.863690477097191,0.575796702528867,20971.0,3840.0,2377.0,0.8452299383338036,0.8981925646736337,0.8709067879316431
yolo,20240703_neuron-adhered_10x_caged_4_class,bead,-1.0,-1.0,0.0,0.0,0.0,0.0,0.0,0.0
yolo,20240703_neuron-adhered_10x_caged_4_class,cell-adhered,-1.0,-1.0,0.0,0.0,0.0,0.0,0.0,0.0
yolo,20240703_neuron-adhered_10x_caged_4_class,soma,0.8459522373860257,0.5845894232008563,11179.0,1976.0,1629.0,0.8497909540098821,0.8728138663335415,0.8611485575626853
rf_detr_seg,20240314_imr90-suspension_10x_uncaged_4_class,all,0.9084512013344243,0.6948504319231336,,,,,,
rf_detr_seg,20240314_imr90-suspension_10x_uncaged_4_class,cell,0.9084512013344243,0.6948504319231336,83.0,34.0,6.0,0.7094017094017094,0.9325842696629213,0.8058252427184467
rf_detr_seg,20240314_imr90-suspension_10x_uncaged_4_class,bead,-1.0,-1.0,0.0,0.0,0.0,0.0,0.0,0.0
rf_detr_seg,20240314_imr90-suspension_10x_uncaged_4_class,cell-adhered,-1.0,-1.0,0.0,0.0,0.0,0.0,0.0,0.0
rf_detr_seg,20240314_imr90-suspension_10x_uncaged_4_class,soma,-1.0,-1.0,0.0,0.0,0.0,0.0,0.0,0.0
yolov26,20240314_imr90-suspension_10x_uncaged_4_class,all,0.8598664781612498,0.652374711859958,,,,,,
yolov26,20240314_imr90-suspension_10x_uncaged_4_class,cell,0.8598664781612498,0.652374711859958,78.0,18.0,11.0,0.8125,0.8764044943820225,0.8432432432432433
yolov26,20240314_imr90-suspension_10x_uncaged_4_class,bead,-1.0,-1.0,0.0,0.0,0.0,0.0,0.0,0.0
yolov26,20240314_imr90-suspension_10x_uncaged_4_class,cell-adhered,-1.0,-1.0,0.0,0.0,0.0,0.0,0.0,0.0
yolov26,20240314_imr90-suspension_10x_uncaged_4_class,soma,-1.0,-1.0,0.0,0.0,0.0,0.0,0.0,0.0
yolo,20240314_imr90-suspension_10x_uncaged_4_class,all,0.8822445621844095,0.6650748587977118,,,,,,
yolo,20240314_imr90-suspension_10x_uncaged_4_class,cell,0.8822445621844095,0.6650748587977118,80.0,15.0,9.0,0.8421052631578947,0.898876404494382,0.8695652173913043
yolo,20240314_imr90-suspension_10x_uncaged_4_class,bead,-1.0,-1.0,0.0,0.0,0.0,0.0,0.0,0.0
yolo,20240314_imr90-suspension_10x_uncaged_4_class,cell-adhered,-1.0,-1.0,0.0,0.0,0.0,0.0,0.0,0.0
yolo,20240314_imr90-suspension_10x_uncaged_4_class,soma,-1.0,-1.0,0.0,0.0,0.0,0.0,0.0,0.0
rf_detr_seg,20241212_preadipocytes-adhered_10x_uncaged_4_class,all,0.6077669499226684,0.39033799678705333,,,,,,
rf_detr_seg,20241212_preadipocytes-adhered_10x_uncaged_4_class,cell,0.40895180610785453,0.2729761364986151,3349.0,6376.0,1317.0,0.3443701799485861,0.7177453921988856,0.46542978250295325
rf_detr_seg,20241212_preadipocytes-adhered_10x_uncaged_4_class,bead,-1.0,-1.0,0.0,0.0,0.0,0.0,0.0,0.0
rf_detr_seg,20241212_preadipocytes-adhered_10x_uncaged_4_class,cell-adhered,0.8065820937374822,0.5076998570754916,38119.0,32721.0,4453.0,0.5380999435347261,0.8954007328760688,0.6722216343949494
rf_detr_seg,20241212_preadipocytes-adhered_10x_uncaged_4_class,soma,-1.0,-1.0,0.0,0.0,0.0,0.0,0.0,0.0
yolov26,20241212_preadipocytes-adhered_10x_uncaged_4_class,all,0.508201806356034,0.331388867496349,,,,,,
yolov26,20241212_preadipocytes-adhered_10x_uncaged_4_class,cell,0.3198374694489892,0.23376918176456898,2145.0,1902.0,2521.0,0.5300222386953298,0.45970852978997,0.49236772638586024
yolov26,20241212_preadipocytes-adhered_10x_uncaged_4_class,bead,-1.0,-1.0,0.0,0.0,0.0,0.0,0.0,0.0
yolov26,20241212_preadipocytes-adhered_10x_uncaged_4_class,cell-adhered,0.6965661432630788,0.4290085532281291,31662.0,6554.0,10910.0,0.8285011513502198,0.7437282721037302,0.7838292815764718
yolov26,20241212_preadipocytes-adhered_10x_uncaged_4_class,soma,-1.0,-1.0,0.0,0.0,0.0,0.0,0.0,0.0
yolo,20241212_preadipocytes-adhered_10x_uncaged_4_class,all,0.5009058215733005,0.3138371260538672,,,,,,
yolo,20241212_preadipocytes-adhered_10x_uncaged_4_class,cell,0.3630621124109073,0.26154501441907163,2504.0,2634.0,2162.0,0.4873491630984819,0.536648092584655,0.5108119135046919
yolo,20241212_preadipocytes-adhered_10x_uncaged_4_class,bead,-1.0,-1.0,0.0,0.0,0.0,0.0,0.0,0.0
yolo,20241212_preadipocytes-adhered_10x_uncaged_4_class,cell-adhered,0.6387495307356937,0.3661292376886628,31113.0,10252.0,11459.0,0.7521576211773239,0.730832472047355,0.7413417205761464
yolo,20241212_preadipocytes-adhered_10x_uncaged_4_class,soma,-1.0,-1.0,0.0,0.0,0.0,0.0,0.0,0.0
rf_detr_seg,20240305_pbmc-nobeads_10x_caged_4_class,all,0.9889847139945144,0.7146904092936466,,,,,,
rf_detr_seg,20240305_pbmc-nobeads_10x_caged_4_class,cell,0.9889847139945144,0.7146904092936466,3074.0,170.0,22.0,0.9475955610357584,0.9928940568475452,0.9697160883280757
rf_detr_seg,20240305_pbmc-nobeads_10x_caged_4_class,bead,-1.0,-1.0,0.0,0.0,0.0,0.0,0.0,0.0
rf_detr_seg,20240305_pbmc-nobeads_10x_caged_4_class,cell-adhered,-1.0,-1.0,0.0,0.0,0.0,0.0,0.0,0.0
rf_detr_seg,20240305_pbmc-nobeads_10x_caged_4_class,soma,-1.0,-1.0,0.0,0.0,0.0,0.0,0.0,0.0
yolov26,20240305_pbmc-nobeads_10x_caged_4_class,all,0.9778789569947238,0.7234673590076386,,,,,,
yolov26,20240305_pbmc-nobeads_10x_caged_4_class,cell,0.9778789569947238,0.7234673590076386,3040.0,111.0,56.0,0.9647730879086004,0.9819121447028424,0.9732671682407555
yolov26,20240305_pbmc-nobeads_10x_caged_4_class,bead,-1.0,-1.0,0.0,0.0,0.0,0.0,0.0,0.0
yolov26,20240305_pbmc-nobeads_10x_caged_4_class,cell-adhered,-1.0,-1.0,0.0,0.0,0.0,0.0,0.0,0.0
yolov26,20240305_pbmc-nobeads_10x_caged_4_class,soma,-1.0,-1.0,0.0,0.0,0.0,0.0,0.0,0.0
yolo,20240305_pbmc-nobeads_10x_caged_4_class,all,0.9697601423158325,0.6737807907270372,,,,,,
yolo,20240305_pbmc-nobeads_10x_caged_4_class,cell,0.9697601423158325,0.6737807907270372,3033.0,79.0,63.0,0.9746143958868895,0.9796511627906976,0.9771262886597938
yolo,20240305_pbmc-nobeads_10x_caged_4_class,bead,-1.0,-1.0,0.0,0.0,0.0,0.0,0.0,0.0
yolo,20240305_pbmc-nobeads_10x_caged_4_class,cell-adhered,-1.0,-1.0,0.0,0.0,0.0,0.0,0.0,0.0
yolo,20240305_pbmc-nobeads_10x_caged_4_class,soma,-1.0,-1.0,0.0,0.0,0.0,0.0,0.0,0.0
rf_detr_seg,20240306_mousepbmc-beads_10x_uncaged_4_class,all,0.976946920057963,0.6203890080353228,,,,,,
rf_detr_seg,20240306_mousepbmc-beads_10x_uncaged_4_class,cell,0.9638522801740127,0.5705027893083059,23466.0,2623.0,608.0,0.8994595423358503,0.9747445376755005,0.9355899766760362
rf_detr_seg,20240306_mousepbmc-beads_10x_uncaged_4_class,bead,0.9900415599419132,0.6702752267623396,33830.0,327.0,84.0,0.9904265597095764,0.9975231467830394,0.9939621865405238
rf_detr_seg,20240306_mousepbmc-beads_10x_uncaged_4_class,cell-adhered,-1.0,-1.0,0.0,0.0,0.0,0.0,0.0,0.0
rf_detr_seg,20240306_mousepbmc-beads_10x_uncaged_4_class,soma,-1.0,-1.0,0.0,0.0,0.0,0.0,0.0,0.0
yolov26,20240306_mousepbmc-beads_10x_uncaged_4_class,all,0.9711777571148279,0.6472285623408399,,,,,,
yolov26,20240306_mousepbmc-beads_10x_uncaged_4_class,cell,0.9525707646300865,0.588192569107653,23226.0,1564.0,848.0,0.936910044372731,0.9647752762316192,0.9506385068762279
yolov26,20240306_mousepbmc-beads_10x_uncaged_4_class,bead,0.9897847495995692,0.7062645555740267,33794.0,1024.0,120.0,0.9705899247515652,0.9964616382614849,0.9833556422045046
yolov26,20240306_mousepbmc-beads_10x_uncaged_4_class,cell-adhered,-1.0,-1.0,0.0,0.0,0.0,0.0,0.0,0.0
yolov26,20240306_mousepbmc-beads_10x_uncaged_4_class,soma,-1.0,-1.0,0.0,0.0,0.0,0.0,0.0,0.0
yolo,20240306_mousepbmc-beads_10x_uncaged_4_class,all,0.9722112841740962,0.653025100283692,,,,,,
yolo,20240306_mousepbmc-beads_10x_uncaged_4_class,cell,0.95453496307702,0.5912977972243145,23288.0,2147.0,786.0,0.9155887556516611,0.9673506687712885,0.9407582459754792
yolo,20240306_mousepbmc-beads_10x_uncaged_4_class,bead,0.9898876052711723,0.7147524033430693,33766.0,646.0,148.0,0.9812274787864699,0.9956360205224981,0.9883792406990018
yolo,20240306_mousepbmc-beads_10x_uncaged_4_class,cell-adhered,-1.0,-1.0,0.0,0.0,0.0,0.0,0.0,0.0
yolo,20240306_mousepbmc-beads_10x_uncaged_4_class,soma,-1.0,-1.0,0.0,0.0,0.0,0.0,0.0,0.0
rf_detr_seg,20240905_u87-adhered_10x_caged_4_class,all,0.8669822597761984,0.6734040929862993,,,,,,
rf_detr_seg,20240905_u87-adhered_10x_caged_4_class,cell,0.8114979159254194,0.6150440252227656,2381.0,2029.0,261.0,0.5399092970521542,0.9012112036336108,0.6752694271128757
rf_detr_seg,20240905_u87-adhered_10x_caged_4_class,bead,-1.0,-1.0,0.0,0.0,0.0,0.0,0.0,0.0
rf_detr_seg,20240905_u87-adhered_10x_caged_4_class,cell-adhered,0.9224666036269776,0.7317641607498333,7623.0,2883.0,341.0,0.7255853797829811,0.9571823204419889,0.8254466702761234
rf_detr_seg,20240905_u87-adhered_10x_caged_4_class,soma,-1.0,-1.0,0.0,0.0,0.0,0.0,0.0,0.0
yolov26,20240905_u87-adhered_10x_caged_4_class,all,0.8029108326123707,0.6375996002204201,,,,,,
yolov26,20240905_u87-adhered_10x_caged_4_class,cell,0.7259379090000271,0.5777544531466745,2094.0,772.0,548.0,0.7306350314026517,0.7925813777441333,0.7603485838779956
yolov26,20240905_u87-adhered_10x_caged_4_class,bead,-1.0,-1.0,0.0,0.0,0.0,0.0,0.0,0.0
yolov26,20240905_u87-adhered_10x_caged_4_class,cell-adhered,0.8798837562247145,0.6974447472941657,7258.0,1338.0,706.0,0.84434620753839,0.9113510798593671,0.8765700483091787
yolov26,20240905_u87-adhered_10x_caged_4_class,soma,-1.0,-1.0,0.0,0.0,0.0,0.0,0.0,0.0
yolo,20240905_u87-adhered_10x_caged_4_class,all,0.8098362249669699,0.6263301977371809,,,,,,
yolo,20240905_u87-adhered_10x_caged_4_class,cell,0.7301627218123717,0.5589762146791014,2101.0,853.0,541.0,0.7112389979688558,0.7952308856926571,0.7508934953538241
yolo,20240905_u87-adhered_10x_caged_4_class,bead,-1.0,-1.0,0.0,0.0,0.0,0.0,0.0,0.0
yolo,20240905_u87-adhered_10x_caged_4_class,cell-adhered,0.889509728121568,0.6936841807952603,7380.0,1667.0,584.0,0.8157400243174533,0.9266700150678051,0.867673858091823
yolo,20240905_u87-adhered_10x_caged_4_class,soma,-1.0,-1.0,0.0,0.0,0.0,0.0,0.0,0.0
rf_detr_seg,20240515_DC-adhered_10x_caged_4_class,all,0.9005574765188065,0.6628842693241614,,,,,,
rf_detr_seg,20240515_DC-adhered_10x_caged_4_class,cell,0.938967406953881,0.6901904227614823,7885.0,3191.0,235.0,0.7118996027446731,0.9710591133004927,0.8215253177745364
rf_detr_seg,20240515_DC-adhered_10x_caged_4_class,bead,-1.0,-1.0,0.0,0.0,0.0,0.0,0.0,0.0
rf_detr_seg,20240515_DC-adhered_10x_caged_4_class,cell-adhered,0.8621475460837317,0.6355781158868404,4202.0,2931.0,215.0,0.5890929482686107,0.9513244283450306,0.7276190476190476
rf_detr_seg,20240515_DC-adhered_10x_caged_4_class,soma,-1.0,-1.0,0.0,0.0,0.0,0.0,0.0,0.0
yolov26,20240515_DC-adhered_10x_caged_4_class,all,0.8348234972075003,0.6306139508609383,,,,,,
yolov26,20240515_DC-adhered_10x_caged_4_class,cell,0.8862031063081386,0.6730395201816466,7443.0,1674.0,677.0,0.8163869693978283,0.9166256157635468,0.8636073562684923
yolov26,20240515_DC-adhered_10x_caged_4_class,bead,-1.0,-1.0,0.0,0.0,0.0,0.0,0.0,0.0
yolov26,20240515_DC-adhered_10x_caged_4_class,cell-adhered,0.783443888106862,0.58818838154023,3771.0,1355.0,646.0,0.7356613343737807,0.8537468870273942,0.7903175102169129
yolov26,20240515_DC-adhered_10x_caged_4_class,soma,-1.0,-1.0,0.0,0.0,0.0,0.0,0.0,0.0
yolo,20240515_DC-adhered_10x_caged_4_class,all,0.840249851753099,0.6245045815724026,,,,,,
yolo,20240515_DC-adhered_10x_caged_4_class,cell,0.8807410320719652,0.6559952714434775,7319.0,1417.0,801.0,0.8377976190476191,0.9013546798029557,0.8684148077835786
yolo,20240515_DC-adhered_10x_caged_4_class,bead,-1.0,-1.0,0.0,0.0,0.0,0.0,0.0,0.0
yolo,20240515_DC-adhered_10x_caged_4_class,cell-adhered,0.7997586714342326,0.5930138917013277,3863.0,1560.0,554.0,0.7123363451963858,0.8745755037355671,0.7851626016260163
yolo,20240515_DC-adhered_10x_caged_4_class,soma,-1.0,-1.0,0.0,0.0,0.0,0.0,0.0,0.0
rf_detr_seg,20240314_imr90-suspension_10x_caged_4_class,all,0.9302787450754119,0.7292368820792724,,,,,,
rf_detr_seg,20240314_imr90-suspension_10x_caged_4_class,cell,0.9302787450754119,0.7292368820792724,869.0,227.0,47.0,0.7928832116788321,0.9486899563318777,0.8638170974155069
rf_detr_seg,20240314_imr90-suspension_10x_caged_4_class,bead,-1.0,-1.0,0.0,0.0,0.0,0.0,0.0,0.0
rf_detr_seg,20240314_imr90-suspension_10x_caged_4_class,cell-adhered,-1.0,-1.0,0.0,0.0,0.0,0.0,0.0,0.0
rf_detr_seg,20240314_imr90-suspension_10x_caged_4_class,soma,-1.0,-1.0,0.0,0.0,0.0,0.0,0.0,0.0
yolov26,20240314_imr90-suspension_10x_caged_4_class,all,0.8916444123644325,0.7031479874711256,,,,,,
yolov26,20240314_imr90-suspension_10x_caged_4_class,cell,0.8916444123644325,0.7031479874711256,827.0,105.0,89.0,0.8873390557939914,0.9028384279475983,0.8950216450216449
yolov26,20240314_imr90-suspension_10x_caged_4_class,bead,-1.0,-1.0,0.0,0.0,0.0,0.0,0.0,0.0
yolov26,20240314_imr90-suspension_10x_caged_4_class,cell-adhered,-1.0,-1.0,0.0,0.0,0.0,0.0,0.0,0.0
yolov26,20240314_imr90-suspension_10x_caged_4_class,soma,-1.0,-1.0,0.0,0.0,0.0,0.0,0.0,0.0
yolo,20240314_imr90-suspension_10x_caged_4_class,all,0.9208552947014522,0.7080680202270678,,,,,,
yolo,20240314_imr90-suspension_10x_caged_4_class,cell,0.9208552947014522,0.7080680202270678,853.0,142.0,63.0,0.857286432160804,0.9312227074235808,0.8927263212977499
yolo,20240314_imr90-suspension_10x_caged_4_class,bead,-1.0,-1.0,0.0,0.0,0.0,0.0,0.0,0.0
yolo,20240314_imr90-suspension_10x_caged_4_class,cell-adhered,-1.0,-1.0,0.0,0.0,0.0,0.0,0.0,0.0
yolo,20240314_imr90-suspension_10x_caged_4_class,soma,-1.0,-1.0,0.0,0.0,0.0,0.0,0.0,0.0
rf_detr_seg,20250108_neuron-adhered_10x_uncaged_4_class,all,0.8174532581767354,0.53582552443974,,,,,,
rf_detr_seg,20250108_neuron-adhered_10x_uncaged_4_class,cell,0.690655374436049,0.4052035401585845,795.0,879.0,163.0,0.47491039426523296,0.8298538622129437,0.6041033434650457
rf_detr_seg,20250108_neuron-adhered_10x_uncaged_4_class,bead,-1.0,-1.0,0.0,0.0,0.0,0.0,0.0,0.0
rf_detr_seg,20250108_neuron-adhered_10x_uncaged_4_class,cell-adhered,-1.0,-1.0,0.0,0.0,0.0,0.0,0.0,0.0
rf_detr_seg,20250108_neuron-adhered_10x_uncaged_4_class,soma,0.9442511419174218,0.6664475087208955,6981.0,1770.0,251.0,0.7977374014398354,0.9652931415929203,0.8735531502221109
yolov26,20250108_neuron-adhered_10x_uncaged_4_class,all,0.7158187496898323,0.5078805558851269,,,,,,
yolov26,20250108_neuron-adhered_10x_uncaged_4_class,cell,0.5645787246202855,0.3645651594837887,585.0,181.0,373.0,0.7637075718015666,0.6106471816283925,0.6786542923433874
yolov26,20250108_neuron-adhered_10x_uncaged_4_class,bead,-1.0,-1.0,0.0,0.0,0.0,0.0,0.0,0.0
yolov26,20250108_neuron-adhered_10x_uncaged_4_class,cell-adhered,-1.0,-1.0,0.0,0.0,0.0,0.0,0.0,0.0
yolov26,20250108_neuron-adhered_10x_uncaged_4_class,soma,0.8670587747593789,0.6511959522864653,6421.0,611.0,811.0,0.9131114903299203,0.8878595132743363,0.9003084688726865
yolo,20250108_neuron-adhered_10x_uncaged_4_class,all,0.7506466209519213,0.5146646129969726,,,,,,
yolo,20250108_neuron-adhered_10x_uncaged_4_class,cell,0.5976411777770256,0.3596243250117611,641.0,251.0,317.0,0.718609865470852,0.6691022964509394,0.6929729729729729
yolo,20250108_neuron-adhered_10x_uncaged_4_class,bead,-1.0,-1.0,0.0,0.0,0.0,0.0,0.0,0.0
yolo,20250108_neuron-adhered_10x_uncaged_4_class,cell-adhered,-1.0,-1.0,0.0,0.0,0.0,0.0,0.0,0.0
yolo,20250108_neuron-adhered_10x_uncaged_4_class,soma,0.9036520641268169,0.6697049009821843,6663.0,778.0,569.0,0.8954441607310846,0.9213219026548672,0.9081987323655694
rf_detr_seg,20240624_mc38_10x_caged_4_class,all,0.8529435138571821,0.6229455765186915,,,,,,
rf_detr_seg,20240624_mc38_10x_caged_4_class,cell,0.9642033916534921,0.7369590651122191,8155.0,1028.0,183.0,0.8880540128498312,0.9780522907171983,0.9308829404714343
rf_detr_seg,20240624_mc38_10x_caged_4_class,bead,-1.0,-1.0,0.0,0.0,0.0,0.0,0.0,0.0
rf_detr_seg,20240624_mc38_10x_caged_4_class,cell-adhered,0.7416836360608723,0.5089320879251639,640.0,567.0,120.0,0.5302402651201326,0.8421052631578947,0.6507371631926792
rf_detr_seg,20240624_mc38_10x_caged_4_class,soma,-1.0,-1.0,0.0,0.0,0.0,0.0,0.0,0.0
yolov26,20240624_mc38_10x_caged_4_class,all,0.7827298854719943,0.5974384561095115,,,,,,
yolov26,20240624_mc38_10x_caged_4_class,cell,0.943109835458751,0.7481296835602077,7982.0,696.0,356.0,0.9197971882922332,0.9573039098105062,0.9381758345086977
yolov26,20240624_mc38_10x_caged_4_class,bead,-1.0,-1.0,0.0,0.0,0.0,0.0,0.0,0.0
yolov26,20240624_mc38_10x_caged_4_class,cell-adhered,0.6223499354852372,0.44674722865881544,534.0,243.0,226.0,0.6872586872586872,0.7026315789473684,0.6948601171112556
yolov26,20240624_mc38_10x_caged_4_class,soma,-1.0,-1.0,0.0,0.0,0.0,0.0,0.0,0.0
yolo,20240624_mc38_10x_caged_4_class,all,0.7991573732181619,0.5909714785055724,,,,,,
yolo,20240624_mc38_10x_caged_4_class,cell,0.9535831311554256,0.7396837177165138,8016.0,508.0,322.0,0.9404035664007508,0.961381626289278,0.9507768947930259
yolo,20240624_mc38_10x_caged_4_class,bead,-1.0,-1.0,0.0,0.0,0.0,0.0,0.0,0.0
yolo,20240624_mc38_10x_caged_4_class,cell-adhered,0.6447316152808984,0.44225923929463123,558.0,284.0,202.0,0.66270783847981,0.7342105263157894,0.696629213483146
yolo,20240624_mc38_10x_caged_4_class,soma,-1.0,-1.0,0.0,0.0,0.0,0.0,0.0,0.0
rf_detr_seg,20240228_k562_10x_caged_4_class,all,0.9780692296953578,0.7408889286360554,,,,,,
rf_detr_seg,20240228_k562_10x_caged_4_class,cell,0.9780692296953578,0.7408889286360554,1983.0,202.0,27.0,0.9075514874141877,0.9865671641791045,0.9454112038140644
rf_detr_seg,20240228_k562_10x_caged_4_class,bead,-1.0,-1.0,0.0,0.0,0.0,0.0,0.0,0.0
rf_detr_seg,20240228_k562_10x_caged_4_class,cell-adhered,-1.0,-1.0,0.0,0.0,0.0,0.0,0.0,0.0
rf_detr_seg,20240228_k562_10x_caged_4_class,soma,-1.0,-1.0,0.0,0.0,0.0,0.0,0.0,0.0
yolov26,20240228_k562_10x_caged_4_class,all,0.9568573250682098,0.7406120062766494,,,,,,
yolov26,20240228_k562_10x_caged_4_class,cell,0.9568573250682098,0.7406120062766494,1948.0,164.0,62.0,0.9223484848484849,0.9691542288557214,0.9451722464822901
yolov26,20240228_k562_10x_caged_4_class,bead,-1.0,-1.0,0.0,0.0,0.0,0.0,0.0,0.0
yolov26,20240228_k562_10x_caged_4_class,cell-adhered,-1.0,-1.0,0.0,0.0,0.0,0.0,0.0,0.0
yolov26,20240228_k562_10x_caged_4_class,soma,-1.0,-1.0,0.0,0.0,0.0,0.0,0.0,0.0
yolo,20240228_k562_10x_caged_4_class,all,0.9680866193697322,0.7176729418312155,,,,,,
yolo,20240228_k562_10x_caged_4_class,cell,0.9680866193697322,0.7176729418312155,1966.0,140.0,44.0,0.9335232668566001,0.9781094527363184,0.955296404275996
yolo,20240228_k562_10x_caged_4_class,bead,-1.0,-1.0,0.0,0.0,0.0,0.0,0.0,0.0
yolo,20240228_k562_10x_caged_4_class,cell-adhered,-1.0,-1.0,0.0,0.0,0.0,0.0,0.0,0.0
yolo,20240228_k562_10x_caged_4_class,soma,-1.0,-1.0,0.0,0.0,0.0,0.0,0.0,0.0
rf_detr_seg,20240425_nk92_10x_caged_4_class,all,0.9483630486993865,0.7018315633513863,,,,,,
rf_detr_seg,20240425_nk92_10x_caged_4_class,cell,0.9483630486993865,0.7018315633513863,1661.0,420.0,62.0,0.7981739548294089,0.9640162507254788,0.8732912723449
rf_detr_seg,20240425_nk92_10x_caged_4_class,bead,-1.0,-1.0,0.0,0.0,0.0,0.0,0.0,0.0
rf_detr_seg,20240425_nk92_10x_caged_4_class,cell-adhered,-1.0,-1.0,0.0,0.0,0.0,0.0,0.0,0.0
rf_detr_seg,20240425_nk92_10x_caged_4_class,soma,-1.0,-1.0,0.0,0.0,0.0,0.0,0.0,0.0
yolov26,20240425_nk92_10x_caged_4_class,all,0.9099040207542877,0.7018334094070583,,,,,,
yolov26,20240425_nk92_10x_caged_4_class,cell,0.9099040207542877,0.7018334094070583,1590.0,290.0,133.0,0.8457446808510638,0.922809053975624,0.8825978351373855
yolov26,20240425_nk92_10x_caged_4_class,bead,-1.0,-1.0,0.0,0.0,0.0,0.0,0.0,0.0
yolov26,20240425_nk92_10x_caged_4_class,cell-adhered,-1.0,-1.0,0.0,0.0,0.0,0.0,0.0,0.0
yolov26,20240425_nk92_10x_caged_4_class,soma,-1.0,-1.0,0.0,0.0,0.0,0.0,0.0,0.0
yolo,20240425_nk92_10x_caged_4_class,all,0.9151505592697223,0.6806320965715196,,,,,,
yolo,20240425_nk92_10x_caged_4_class,cell,0.9151505592697223,0.6806320965715196,1594.0,144.0,129.0,0.9171461449942463,0.9251305861868834,0.9211210632765098
yolo,20240425_nk92_10x_caged_4_class,bead,-1.0,-1.0,0.0,0.0,0.0,0.0,0.0,0.0
yolo,20240425_nk92_10x_caged_4_class,cell-adhered,-1.0,-1.0,0.0,0.0,0.0,0.0,0.0,0.0
yolo,20240425_nk92_10x_caged_4_class,soma,-1.0,-1.0,0.0,0.0,0.0,0.0,0.0,0.0
rf_detr_seg,20240624_mc38_10x_uncaged_4_class,all,0.9201877321346007,0.6834068023265105,,,,,,
rf_detr_seg,20240624_mc38_10x_uncaged_4_class,cell,0.9604392046201209,0.7365146293265419,12886.0,2643.0,278.0,0.8298023053641573,0.9788817988453358,0.8981981668002649
rf_detr_seg,20240624_mc38_10x_uncaged_4_class,bead,-1.0,-1.0,0.0,0.0,0.0,0.0,0.0,0.0
rf_detr_seg,20240624_mc38_10x_uncaged_4_class,cell-adhered,0.8799362596490805,0.6302989753264792,4842.0,2917.0,224.0,0.6240494909137776,0.9557836557441769,0.7550877192982457
rf_detr_seg,20240624_mc38_10x_uncaged_4_class,soma,-1.0,-1.0,0.0,0.0,0.0,0.0,0.0,0.0
yolov26,20240624_mc38_10x_uncaged_4_class,all,0.8696754693738223,0.6515856580789311,,,,,,
yolov26,20240624_mc38_10x_uncaged_4_class,cell,0.9293212088207295,0.7296486161916669,12476.0,1841.0,688.0,0.8714116085772159,0.9477362503798238,0.9079727811942796
yolov26,20240624_mc38_10x_uncaged_4_class,bead,-1.0,-1.0,0.0,0.0,0.0,0.0,0.0,0.0
yolov26,20240624_mc38_10x_uncaged_4_class,cell-adhered,0.8100297299269152,0.5735226999661953,4417.0,1425.0,649.0,0.7560766860664156,0.8718910382945124,0.8098643197653098
yolov26,20240624_mc38_10x_uncaged_4_class,soma,-1.0,-1.0,0.0,0.0,0.0,0.0,0.0,0.0
yolo,20240624_mc38_10x_uncaged_4_class,all,0.8794365126494045,0.6559228834064335,,,,,,
yolo,20240624_mc38_10x_uncaged_4_class,cell,0.9224213179807322,0.7193041249857866,12282.0,1309.0,882.0,0.9036862629681407,0.9329990884229717,0.9181087647168754
yolo,20240624_mc38_10x_uncaged_4_class,bead,-1.0,-1.0,0.0,0.0,0.0,0.0,0.0,0.0
yolo,20240624_mc38_10x_uncaged_4_class,cell-adhered,0.8364517073180767,0.5925416418270804,4572.0,1655.0,494.0,0.734221936727156,0.90248716936439,0.8097051270698662
yolo,20240624_mc38_10x_uncaged_4_class,soma,-1.0,-1.0,0.0,0.0,0.0,0.0,0.0,0.0
rf_detr_seg,20240509_hela-adhered_10x_caged_4_class,all,0.8709361665974724,0.6586450083902697,,,,,,
rf_detr_seg,20240509_hela-adhered_10x_caged_4_class,cell,0.8093272930100703,0.5850627143107192,2508.0,913.0,386.0,0.7331189710610932,0.866620594333103,0.7942992874109264
rf_detr_seg,20240509_hela-adhered_10x_caged_4_class,bead,-1.0,-1.0,0.0,0.0,0.0,0.0,0.0,0.0
rf_detr_seg,20240509_hela-adhered_10x_caged_4_class,cell-adhered,0.9325450401848747,0.7322273024698203,3189.0,1291.0,101.0,0.7118303571428571,0.9693009118541034,0.8208494208494209
rf_detr_seg,20240509_hela-adhered_10x_caged_4_class,soma,-1.0,-1.0,0.0,0.0,0.0,0.0,0.0,0.0
yolov26,20240509_hela-adhered_10x_caged_4_class,all,0.8144164473352697,0.6290785167960202,,,,,,
yolov26,20240509_hela-adhered_10x_caged_4_class,cell,0.73722886692997,0.5477435834763869,2214.0,361.0,680.0,0.8598058252427184,0.7650310988251555,0.809654415798135
yolov26,20240509_hela-adhered_10x_caged_4_class,bead,-1.0,-1.0,0.0,0.0,0.0,0.0,0.0,0.0
yolov26,20240509_hela-adhered_10x_caged_4_class,cell-adhered,0.8916040277405695,0.7104134501156537,3040.0,653.0,250.0,0.8231789872732196,0.9240121580547113,0.8706859515967348
yolov26,20240509_hela-adhered_10x_caged_4_class,soma,-1.0,-1.0,0.0,0.0,0.0,0.0,0.0,0.0
yolo,20240509_hela-adhered_10x_caged_4_class,all,0.8217788699625926,0.6231167191673396,,,,,,
yolo,20240509_hela-adhered_10x_caged_4_class,cell,0.7416230049820856,0.5388534198106718,2244.0,360.0,650.0,0.8617511520737328,0.7753973738769868,0.8162968352128046
yolo,20240509_hela-adhered_10x_caged_4_class,bead,-1.0,-1.0,0.0,0.0,0.0,0.0,0.0,0.0
yolo,20240509_hela-adhered_10x_caged_4_class,cell-adhered,0.9019347349430998,0.7073800185240072,3083.0,747.0,207.0,0.8049608355091383,0.937082066869301,0.8660112359550562
yolo,20240509_hela-adhered_10x_caged_4_class,soma,-1.0,-1.0,0.0,0.0,0.0,0.0,0.0,0.0
rf_detr_seg,20250227_preadipocytes-adhered_10x_caged_4_class,all,0.6775716376824424,0.434064800702903,,,,,,
rf_detr_seg,20250227_preadipocytes-adhered_10x_caged_4_class,cell,0.5506036043495706,0.3493830757433531,5581.0,8942.0,1473.0,0.384286993045514,0.7911823079104054,0.5173100987162257
rf_detr_seg,20250227_preadipocytes-adhered_10x_caged_4_class,bead,-1.0,-1.0,0.0,0.0,0.0,0.0,0.0,0.0
rf_detr_seg,20250227_preadipocytes-adhered_10x_caged_4_class,cell-adhered,0.8045396710153145,0.5187465256624528,60552.0,47514.0,7356.0,0.5603242462939315,0.8916769747305178,0.688192573902963
rf_detr_seg,20250227_preadipocytes-adhered_10x_caged_4_class,soma,-1.0,-1.0,0.0,0.0,0.0,0.0,0.0,0.0
yolov26,20250227_preadipocytes-adhered_10x_caged_4_class,all,0.5548892083962245,0.363198342713847,,,,,,
yolov26,20250227_preadipocytes-adhered_10x_caged_4_class,cell,0.4481481541330663,0.3066685716498868,4239.0,3200.0,2815.0,0.5698346551955908,0.6009356393535583,0.5849720554750569
yolov26,20250227_preadipocytes-adhered_10x_caged_4_class,bead,-1.0,-1.0,0.0,0.0,0.0,0.0,0.0,0.0
yolov26,20250227_preadipocytes-adhered_10x_caged_4_class,cell-adhered,0.6616302626593826,0.4197281137778072,48081.0,10111.0,19827.0,0.8262475941710201,0.7080314543205514,0.7625852498017447
yolov26,20250227_preadipocytes-adhered_10x_caged_4_class,soma,-1.0,-1.0,0.0,0.0,0.0,0.0,0.0,0.0
yolo,20250227_preadipocytes-adhered_10x_caged_4_class,all,0.531833689296257,0.3332021164826841,,,,,,
yolo,20250227_preadipocytes-adhered_10x_caged_4_class,cell,0.4724787878277978,0.31728761296278385,4510.0,3819.0,2544.0,0.5414815704166166,0.6393535582648143,0.5863615679646362
yolo,20250227_preadipocytes-adhered_10x_caged_4_class,bead,-1.0,-1.0,0.0,0.0,0.0,0.0,0.0,0.0
yolo,20250227_preadipocytes-adhered_10x_caged_4_class,cell-adhered,0.5911885907647162,0.3491166200025843,45432.0,14202.0,22476.0,0.7618472683368548,0.6690227955469165,0.7124241426353671
yolo,20250227_preadipocytes-adhered_10x_caged_4_class,soma,-1.0,-1.0,0.0,0.0,0.0,0.0,0.0,0.0
rf_detr_seg,20240228_hela-suspension_10x_uncaged_4_class,all,0.9898916536390482,0.7303564647693828,,,,,,
rf_detr_seg,20240228_hela-suspension_10x_uncaged_4_class,cell,0.9898916536390482,0.7303564647693828,190.0,2.0,1.0,0.9895833333333334,0.9947643979057592,0.9921671018276764
rf_detr_seg,20240228_hela-suspension_10x_uncaged_4_class,bead,-1.0,-1.0,0.0,0.0,0.0,0.0,0.0,0.0
rf_detr_seg,20240228_hela-suspension_10x_uncaged_4_class,cell-adhered,-1.0,-1.0,0.0,0.0,0.0,0.0,0.0,0.0
rf_detr_seg,20240228_hela-suspension_10x_uncaged_4_class,soma,-1.0,-1.0,0.0,0.0,0.0,0.0,0.0,0.0
yolov26,20240228_hela-suspension_10x_uncaged_4_class,all,0.9780574132307278,0.7440799105737901,,,,,,
yolov26,20240228_hela-suspension_10x_uncaged_4_class,cell,0.9780574132307278,0.7440799105737901,189.0,11.0,2.0,0.945,0.9895287958115183,0.9667519181585678
yolov26,20240228_hela-suspension_10x_uncaged_4_class,bead,-1.0,-1.0,0.0,0.0,0.0,0.0,0.0,0.0
yolov26,20240228_hela-suspension_10x_uncaged_4_class,cell-adhered,-1.0,-1.0,0.0,0.0,0.0,0.0,0.0,0.0
yolov26,20240228_hela-suspension_10x_uncaged_4_class,soma,-1.0,-1.0,0.0,0.0,0.0,0.0,0.0,0.0
yolo,20240228_hela-suspension_10x_uncaged_4_class,all,0.9891953326556155,0.7669374242541216,,,,,,
yolo,20240228_hela-suspension_10x_uncaged_4_class,cell,0.9891953326556155,0.7669374242541216,190.0,15.0,1.0,0.926829268292683,0.9947643979057592,0.9595959595959597
yolo,20240228_hela-suspension_10x_uncaged_4_class,bead,-1.0,-1.0,0.0,0.0,0.0,0.0,0.0,0.0
yolo,20240228_hela-suspension_10x_uncaged_4_class,cell-adhered,-1.0,-1.0,0.0,0.0,0.0,0.0,0.0,0.0
yolo,20240228_hela-suspension_10x_uncaged_4_class,soma,-1.0,-1.0,0.0,0.0,0.0,0.0,0.0,0.0
rf_detr_seg,20240905_raji_10x_caged_at_4x_4_class,all,0.9797802698556672,0.7132561881633969,,,,,,
rf_detr_seg,20240905_raji_10x_caged_at_4x_4_class,cell,0.9797802698556672,0.7132561881633969,3898.0,201.0,44.0,0.9509636496706514,0.9888381532217149,0.9695311528416864
rf_detr_seg,20240905_raji_10x_caged_at_4x_4_class,bead,-1.0,-1.0,0.0,0.0,0.0,0.0,0.0,0.0
rf_detr_seg,20240905_raji_10x_caged_at_4x_4_class,cell-adhered,-1.0,-1.0,0.0,0.0,0.0,0.0,0.0,0.0
rf_detr_seg,20240905_raji_10x_caged_at_4x_4_class,soma,-1.0,-1.0,0.0,0.0,0.0,0.0,0.0,0.0
yolov26,20240905_raji_10x_caged_at_4x_4_class,all,0.9789033257015392,0.7070398878199514,,,,,,
yolov26,20240905_raji_10x_caged_at_4x_4_class,cell,0.9789033257015392,0.7070398878199514,3870.0,148.0,72.0,0.9631657541065206,0.9817351598173516,0.9723618090452261
yolov26,20240905_raji_10x_caged_at_4x_4_class,bead,-1.0,-1.0,0.0,0.0,0.0,0.0,0.0,0.0
yolov26,20240905_raji_10x_caged_at_4x_4_class,cell-adhered,-1.0,-1.0,0.0,0.0,0.0,0.0,0.0,0.0
yolov26,20240905_raji_10x_caged_at_4x_4_class,soma,-1.0,-1.0,0.0,0.0,0.0,0.0,0.0,0.0
yolo,20240905_raji_10x_caged_at_4x_4_class,all,0.9798307696149396,0.7262593001114722,,,,,,
yolo,20240905_raji_10x_caged_at_4x_4_class,cell,0.9798307696149396,0.7262593001114722,3870.0,123.0,72.0,0.9691960931630353,0.9817351598173516,0.9754253308128544
yolo,20240905_raji_10x_caged_at_4x_4_class,bead,-1.0,-1.0,0.0,0.0,0.0,0.0,0.0,0.0
yolo,20240905_raji_10x_caged_at_4x_4_class,cell-adhered,-1.0,-1.0,0.0,0.0,0.0,0.0,0.0,0.0
yolo,20240905_raji_10x_caged_at_4x_4_class,soma,-1.0,-1.0,0.0,0.0,0.0,0.0,0.0,0.0
rf_detr_seg,20240306_mousepbmc-nobeads_10x_uncaged_4_class,all,0.9739408795645248,0.5481126706024407,,,,,,
rf_detr_seg,20240306_mousepbmc-nobeads_10x_uncaged_4_class,cell,0.9739408795645248,0.5481126706024407,484.0,63.0,5.0,0.8848263254113345,0.9897750511247444,0.9343629343629343
rf_detr_seg,20240306_mousepbmc-nobeads_10x_uncaged_4_class,bead,-1.0,-1.0,0.0,0.0,0.0,0.0,0.0,0.0
rf_detr_seg,20240306_mousepbmc-nobeads_10x_uncaged_4_class,cell-adhered,-1.0,-1.0,0.0,0.0,0.0,0.0,0.0,0.0
rf_detr_seg,20240306_mousepbmc-nobeads_10x_uncaged_4_class,soma,-1.0,-1.0,0.0,0.0,0.0,0.0,0.0,0.0
yolov26,20240306_mousepbmc-nobeads_10x_uncaged_4_class,all,0.9377688432334528,0.5678193276971443,,,,,,
yolov26,20240306_mousepbmc-nobeads_10x_uncaged_4_class,cell,0.9377688432334528,0.5678193276971443,465.0,21.0,24.0,0.9567901234567902,0.950920245398773,0.9538461538461538
yolov26,20240306_mousepbmc-nobeads_10x_uncaged_4_class,bead,-1.0,-1.0,0.0,0.0,0.0,0.0,0.0,0.0
yolov26,20240306_mousepbmc-nobeads_10x_uncaged_4_class,cell-adhered,-1.0,-1.0,0.0,0.0,0.0,0.0,0.0,0.0
yolov26,20240306_mousepbmc-nobeads_10x_uncaged_4_class,soma,-1.0,-1.0,0.0,0.0,0.0,0.0,0.0,0.0
yolo,20240306_mousepbmc-nobeads_10x_uncaged_4_class,all,0.9636816696996424,0.558720109248808,,,,,,
yolo,20240306_mousepbmc-nobeads_10x_uncaged_4_class,cell,0.9636816696996424,0.558720109248808,477.0,30.0,12.0,0.9408284023668639,0.9754601226993865,0.9578313253012049
yolo,20240306_mousepbmc-nobeads_10x_uncaged_4_class,bead,-1.0,-1.0,0.0,0.0,0.0,0.0,0.0,0.0
yolo,20240306_mousepbmc-nobeads_10x_uncaged_4_class,cell-adhered,-1.0,-1.0,0.0,0.0,0.0,0.0,0.0,0.0
yolo,20240306_mousepbmc-nobeads_10x_uncaged_4_class,soma,-1.0,-1.0,0.0,0.0,0.0,0.0,0.0,0.0
rf_detr_seg,20240228_nk92_10x_uncaged_4_class,all,0.989638557569112,0.7675840978523053,,,,,,
rf_detr_seg,20240228_nk92_10x_uncaged_4_class,cell,0.989638557569112,0.7675840978523053,206.0,53.0,0.0,0.7953667953667953,1.0,0.886021505376344
rf_detr_seg,20240228_nk92_10x_uncaged_4_class,bead,-1.0,-1.0,0.0,0.0,0.0,0.0,0.0,0.0
rf_detr_seg,20240228_nk92_10x_uncaged_4_class,cell-adhered,-1.0,-1.0,0.0,0.0,0.0,0.0,0.0,0.0
rf_detr_seg,20240228_nk92_10x_uncaged_4_class,soma,-1.0,-1.0,0.0,0.0,0.0,0.0,0.0,0.0
yolov26,20240228_nk92_10x_uncaged_4_class,all,0.9455459175570172,0.7450970291178282,,,,,,
yolov26,20240228_nk92_10x_uncaged_4_class,cell,0.9455459175570172,0.7450970291178282,198.0,41.0,8.0,0.8284518828451883,0.9611650485436893,0.8898876404494381
yolov26,20240228_nk92_10x_uncaged_4_class,bead,-1.0,-1.0,0.0,0.0,0.0,0.0,0.0,0.0
yolov26,20240228_nk92_10x_uncaged_4_class,cell-adhered,-1.0,-1.0,0.0,0.0,0.0,0.0,0.0,0.0
yolov26,20240228_nk92_10x_uncaged_4_class,soma,-1.0,-1.0,0.0,0.0,0.0,0.0,0.0,0.0
yolo,20240228_nk92_10x_uncaged_4_class,all,0.9632590319242178,0.7280259183746765,,,,,,
yolo,20240228_nk92_10x_uncaged_4_class,cell,0.9632590319242178,0.7280259183746765,200.0,27.0,6.0,0.8810572687224669,0.970873786407767,0.9237875288683602
yolo,20240228_nk92_10x_uncaged_4_class,bead,-1.0,-1.0,0.0,0.0,0.0,0.0,0.0,0.0
yolo,20240228_nk92_10x_uncaged_4_class,cell-adhered,-1.0,-1.0,0.0,0.0,0.0,0.0,0.0,0.0
yolo,20240228_nk92_10x_uncaged_4_class,soma,-1.0,-1.0,0.0,0.0,0.0,0.0,0.0,0.0
rf_detr_seg,20240228_jurkat_10x_uncaged_4_class,all,1.0,0.806673365199127,,,,,,
rf_detr_seg,20240228_jurkat_10x_uncaged_4_class,cell,1.0,0.806673365199127,99.0,5.0,0.0,0.9519230769230769,1.0,0.9753694581280787
rf_detr_seg,20240228_jurkat_10x_uncaged_4_class,bead,-1.0,-1.0,0.0,0.0,0.0,0.0,0.0,0.0
rf_detr_seg,20240228_jurkat_10x_uncaged_4_class,cell-adhered,-1.0,-1.0,0.0,0.0,0.0,0.0,0.0,0.0
rf_detr_seg,20240228_jurkat_10x_uncaged_4_class,soma,-1.0,-1.0,0.0,0.0,0.0,0.0,0.0,0.0
yolov26,20240228_jurkat_10x_uncaged_4_class,all,0.9992157631604742,0.779127637147247,,,,,,
yolov26,20240228_jurkat_10x_uncaged_4_class,cell,0.9992157631604742,0.779127637147247,99.0,3.0,0.0,0.9705882352941176,1.0,0.9850746268656716
yolov26,20240228_jurkat_10x_uncaged_4_class,bead,-1.0,-1.0,0.0,0.0,0.0,0.0,0.0,0.0
yolov26,20240228_jurkat_10x_uncaged_4_class,cell-adhered,-1.0,-1.0,0.0,0.0,0.0,0.0,0.0,0.0
yolov26,20240228_jurkat_10x_uncaged_4_class,soma,-1.0,-1.0,0.0,0.0,0.0,0.0,0.0,0.0
yolo,20240228_jurkat_10x_uncaged_4_class,all,1.0,0.7536273180928064,,,,,,
yolo,20240228_jurkat_10x_uncaged_4_class,cell,1.0,0.7536273180928064,99.0,3.0,0.0,0.9705882352941176,1.0,0.9850746268656716
yolo,20240228_jurkat_10x_uncaged_4_class,bead,-1.0,-1.0,0.0,0.0,0.0,0.0,0.0,0.0
yolo,20240228_jurkat_10x_uncaged_4_class,cell-adhered,-1.0,-1.0,0.0,0.0,0.0,0.0,0.0,0.0
yolo,20240228_jurkat_10x_uncaged_4_class,soma,-1.0,-1.0,0.0,0.0,0.0,0.0,0.0,0.0
rf_detr_seg,20240306_mousepbmc-nobeads_10x_caged_4_class,all,0.9767680960475601,0.6117825172386835,,,,,,
rf_detr_seg,20240306_mousepbmc-nobeads_10x_caged_4_class,cell,0.9767680960475601,0.6117825172386835,7668.0,558.0,154.0,0.9321663019693655,0.9803119406801329,0.9556331006979063
rf_detr_seg,20240306_mousepbmc-nobeads_10x_caged_4_class,bead,-1.0,-1.0,0.0,0.0,0.0,0.0,0.0,0.0
rf_detr_seg,20240306_mousepbmc-nobeads_10x_caged_4_class,cell-adhered,-1.0,-1.0,0.0,0.0,0.0,0.0,0.0,0.0
rf_detr_seg,20240306_mousepbmc-nobeads_10x_caged_4_class,soma,-1.0,-1.0,0.0,0.0,0.0,0.0,0.0,0.0
yolov26,20240306_mousepbmc-nobeads_10x_caged_4_class,all,0.9644102617764572,0.6240516511467823,,,,,,
yolov26,20240306_mousepbmc-nobeads_10x_caged_4_class,cell,0.9644102617764572,0.6240516511467823,7606.0,406.0,216.0,0.9493260109835248,0.972385579135771,0.9607174434760641
yolov26,20240306_mousepbmc-nobeads_10x_caged_4_class,bead,-1.0,-1.0,0.0,0.0,0.0,0.0,0.0,0.0
yolov26,20240306_mousepbmc-nobeads_10x_caged_4_class,cell-adhered,-1.0,-1.0,0.0,0.0,0.0,0.0,0.0,0.0
yolov26,20240306_mousepbmc-nobeads_10x_caged_4_class,soma,-1.0,-1.0,0.0,0.0,0.0,0.0,0.0,0.0
yolo,20240306_mousepbmc-nobeads_10x_caged_4_class,all,0.956733727057259,0.6270026703689625,,,,,,
yolo,20240306_mousepbmc-nobeads_10x_caged_4_class,cell,0.956733727057259,0.6270026703689625,7576.0,332.0,246.0,0.9580171977744056,0.968550242904628,0.9632549268912906
yolo,20240306_mousepbmc-nobeads_10x_caged_4_class,bead,-1.0,-1.0,0.0,0.0,0.0,0.0,0.0,0.0
yolo,20240306_mousepbmc-nobeads_10x_caged_4_class,cell-adhered,-1.0,-1.0,0.0,0.0,0.0,0.0,0.0,0.0
yolo,20240306_mousepbmc-nobeads_10x_caged_4_class,soma,-1.0,-1.0,0.0,0.0,0.0,0.0,0.0,0.0
rf_detr_seg,231212_imr90_multichannel_overlay_4_class,all,0.9303391973491658,0.7657762583882624,,,,,,
rf_detr_seg,231212_imr90_multichannel_overlay_4_class,cell,0.916565247698314,0.6984114267834587,1199.0,335.0,90.0,0.7816166883963495,0.930178432893716,0.8494509387176763
rf_detr_seg,231212_imr90_multichannel_overlay_4_class,bead,-1.0,-1.0,0.0,0.0,0.0,0.0,0.0,0.0
rf_detr_seg,231212_imr90_multichannel_overlay_4_class,cell-adhered,0.9441131470000175,0.8331410899930658,1687.0,406.0,71.0,0.8060200668896321,0.959613196814562,0.8761360685536225
rf_detr_seg,231212_imr90_multichannel_overlay_4_class,soma,-1.0,-1.0,0.0,0.0,0.0,0.0,0.0,0.0
yolov26,231212_imr90_multichannel_overlay_4_class,all,0.9008656884694013,0.739523359527915,,,,,,
yolov26,231212_imr90_multichannel_overlay_4_class,cell,0.8713629031909803,0.67579825510412,1141.0,138.0,148.0,0.8921032056293979,0.8851823118696664,0.8886292834890965
yolov26,231212_imr90_multichannel_overlay_4_class,bead,-1.0,-1.0,0.0,0.0,0.0,0.0,0.0,0.0
yolov26,231212_imr90_multichannel_overlay_4_class,cell-adhered,0.9303684737478225,0.8032484639517105,1660.0,121.0,98.0,0.9320606400898371,0.944254835039818,0.9381181124611473
yolov26,231212_imr90_multichannel_overlay_4_class,soma,-1.0,-1.0,0.0,0.0,0.0,0.0,0.0,0.0
yolo,231212_imr90_multichannel_overlay_4_class,all,0.8998085105690065,0.7145773208024586,,,,,,
yolo,231212_imr90_multichannel_overlay_4_class,cell,0.8889618674261002,0.6797231247949312,1161.0,119.0,128.0,0.90703125,0.9006982156710628,0.9038536395484624
yolo,231212_imr90_multichannel_overlay_4_class,bead,-1.0,-1.0,0.0,0.0,0.0,0.0,0.0,0.0
yolo,231212_imr90_multichannel_overlay_4_class,cell-adhered,0.9106551537119129,0.749431516809986,1635.0,197.0,123.0,0.892467248908297,0.9300341296928327,0.9108635097493035
yolo,231212_imr90_multichannel_overlay_4_class,soma,-1.0,-1.0,0.0,0.0,0.0,0.0,0.0,0.0
rf_detr_seg,20240307_pbmc-beads_10x_uncaged_4_class,all,0.9837551682913349,0.6106049544086584,,,,,,
rf_detr_seg,20240307_pbmc-beads_10x_uncaged_4_class,cell,0.9776478194954408,0.5398905930751176,58336.0,3909.0,1058.0,0.937199775082336,0.9821867528706604,0.9591660569389753
rf_detr_seg,20240307_pbmc-beads_10x_uncaged_4_class,bead,0.989862517087229,0.6813193157421992,65940.0,1186.0,264.0,0.9823317343503263,0.9960123255392423,0.989124728118203
rf_detr_seg,20240307_pbmc-beads_10x_uncaged_4_class,cell-adhered,-1.0,-1.0,0.0,0.0,0.0,0.0,0.0,0.0
rf_detr_seg,20240307_pbmc-beads_10x_uncaged_4_class,soma,-1.0,-1.0,0.0,0.0,0.0,0.0,0.0,0.0
yolov26,20240307_pbmc-beads_10x_uncaged_4_class,all,0.9720417407966644,0.6487073925282169,,,,,,
yolov26,20240307_pbmc-beads_10x_uncaged_4_class,cell,0.965224129968873,0.5736194650247364,57901.0,3698.0,1493.0,0.9399665578986672,0.9748627807522645,0.9570966915441388
yolov26,20240307_pbmc-beads_10x_uncaged_4_class,bead,0.9788593516244558,0.7237953200316972,65476.0,2880.0,728.0,0.9578676341506233,0.9890036855779107,0.9731866825208085
yolov26,20240307_pbmc-beads_10x_uncaged_4_class,cell-adhered,-1.0,-1.0,0.0,0.0,0.0,0.0,0.0,0.0
yolov26,20240307_pbmc-beads_10x_uncaged_4_class,soma,-1.0,-1.0,0.0,0.0,0.0,0.0,0.0,0.0
yolo,20240307_pbmc-beads_10x_uncaged_4_class,all,0.9735299572400897,0.6521362350647304,,,,,,
yolo,20240307_pbmc-beads_10x_uncaged_4_class,cell,0.9678180862065336,0.5789401378467269,58174.0,5091.0,1220.0,0.9195289654627361,0.9794592046334647,0.948548414710702
yolo,20240307_pbmc-beads_10x_uncaged_4_class,bead,0.979241828273646,0.7253323322827339,65188.0,2511.0,1016.0,0.962909348734841,0.9846534952570841,0.9736600374898247
yolo,20240307_pbmc-beads_10x_uncaged_4_class,cell-adhered,-1.0,-1.0,0.0,0.0,0.0,0.0,0.0,0.0
yolo,20240307_pbmc-beads_10x_uncaged_4_class,soma,-1.0,-1.0,0.0,0.0,0.0,0.0,0.0,0.0
rf_detr_seg,20240306_mousepbmc-beads_10x_caged_4_class,all,0.9834854587367505,0.6468425632207604,,,,,,
rf_detr_seg,20240306_mousepbmc-beads_10x_caged_4_class,cell,0.9769674622507231,0.5835265657937123,22819.0,1904.0,419.0,0.9229866925534927,0.9819691883983132,0.951564813077292
rf_detr_seg,20240306_mousepbmc-beads_10x_caged_4_class,bead,0.990003455222778,0.7101585606478082,32516.0,241.0,60.0,0.9926427939066459,0.9981581532416502,0.9953928336369063
rf_detr_seg,20240306_mousepbmc-beads_10x_caged_4_class,cell-adhered,-1.0,-1.0,0.0,0.0,0.0,0.0,0.0,0.0
rf_detr_seg,20240306_mousepbmc-beads_10x_caged_4_class,soma,-1.0,-1.0,0.0,0.0,0.0,0.0,0.0,0.0
yolov26,20240306_mousepbmc-beads_10x_caged_4_class,all,0.9723268534769178,0.6623739918347809,,,,,,
yolov26,20240306_mousepbmc-beads_10x_caged_4_class,cell,0.954871469780515,0.5785211786177973,22431.0,1476.0,807.0,0.9382607604467311,0.9652723986573716,0.9515749284123449
yolov26,20240306_mousepbmc-beads_10x_caged_4_class,bead,0.9897822371733208,0.7462268050517645,32470.0,808.0,106.0,0.9757196946931906,0.9967460707269156,0.9861208127068971
yolov26,20240306_mousepbmc-beads_10x_caged_4_class,cell-adhered,-1.0,-1.0,0.0,0.0,0.0,0.0,0.0,0.0
yolov26,20240306_mousepbmc-beads_10x_caged_4_class,soma,-1.0,-1.0,0.0,0.0,0.0,0.0,0.0,0.0
yolo,20240306_mousepbmc-beads_10x_caged_4_class,all,0.9734482602190128,0.6749266809240606,,,,,,
yolo,20240306_mousepbmc-beads_10x_caged_4_class,cell,0.9569186279708247,0.5760899528623235,22519.0,1970.0,719.0,0.9195557188941974,0.9690592994233583,0.9436587256689087
yolo,20240306_mousepbmc-beads_10x_caged_4_class,bead,0.9899778924672008,0.773763408985798,32450.0,490.0,126.0,0.9851244687310261,0.9961321218074656,0.9905977165883143
yolo,20240306_mousepbmc-beads_10x_caged_4_class,cell-adhered,-1.0,-1.0,0.0,0.0,0.0,0.0,0.0,0.0
yolo,20240306_mousepbmc-beads_10x_caged_4_class,soma,-1.0,-1.0,0.0,0.0,0.0,0.0,0.0,0.0
rf_detr_seg,20250820_c8d1a_astrocytes-adherent_10x_caged_4_class,all,0.45881600429487507,0.2907680455509521,,,,,,
rf_detr_seg,20250820_c8d1a_astrocytes-adherent_10x_caged_4_class,cell,0.3543757757578466,0.2388260767596579,181.0,1691.0,10.0,0.09668803418803419,0.9476439790575916,0.17547261269995154
rf_detr_seg,20250820_c8d1a_astrocytes-adherent_10x_caged_4_class,bead,-1.0,-1.0,0.0,0.0,0.0,0.0,0.0,0.0
rf_detr_seg,20250820_c8d1a_astrocytes-adherent_10x_caged_4_class,cell-adhered,0.5632562328319034,0.3427100143422463,1203.0,274.0,813.0,0.8144888287068381,0.5967261904761905,0.6888061837961638
rf_detr_seg,20250820_c8d1a_astrocytes-adherent_10x_caged_4_class,soma,-1.0,-1.0,0.0,0.0,0.0,0.0,0.0,0.0
yolov26,20250820_c8d1a_astrocytes-adherent_10x_caged_4_class,all,0.43256251986140737,0.29706717396669663,,,,,,
yolov26,20250820_c8d1a_astrocytes-adherent_10x_caged_4_class,cell,0.38798730489587707,0.29645897108436275,179.0,1130.0,12.0,0.13674560733384264,0.93717277486911,0.2386666666666667
yolov26,20250820_c8d1a_astrocytes-adherent_10x_caged_4_class,bead,-1.0,-1.0,0.0,0.0,0.0,0.0,0.0,0.0
yolov26,20250820_c8d1a_astrocytes-adherent_10x_caged_4_class,cell-adhered,0.47713773482693783,0.29767537684903056,996.0,125.0,1020.0,0.8884924174843889,0.49404761904761907,0.6350015938795027
yolov26,20250820_c8d1a_astrocytes-adherent_10x_caged_4_class,soma,-1.0,-1.0,0.0,0.0,0.0,0.0,0.0,0.0
yolo,20250820_c8d1a_astrocytes-adherent_10x_caged_4_class,all,0.44960002985773767,0.3009692493212385,,,,,,
yolo,20250820_c8d1a_astrocytes-adherent_10x_caged_4_class,cell,0.39930984755529797,0.2975030443571068,177.0,1105.0,14.0,0.13806552262090482,0.9267015706806283,0.24032586558044805
yolo,20250820_c8d1a_astrocytes-adherent_10x_caged_4_class,bead,-1.0,-1.0,0.0,0.0,0.0,0.0,0.0,0.0
yolo,20250820_c8d1a_astrocytes-adherent_10x_caged_4_class,cell-adhered,0.4998902121601772,0.30443545428537017,1046.0,127.0,970.0,0.8917306052855924,0.5188492063492064,0.656005017246786
yolo,20250820_c8d1a_astrocytes-adherent_10x_caged_4_class,soma,-1.0,-1.0,0.0,0.0,0.0,0.0,0.0,0.0
rf_detr_seg,20240425_nk92_10x_uncaged_4_class,all,0.9110693503777114,0.6381051932716588,,,,,,
rf_detr_seg,20240425_nk92_10x_uncaged_4_class,cell,0.9110693503777114,0.6381051932716588,127.0,24.0,10.0,0.8410596026490066,0.927007299270073,0.8819444444444444
rf_detr_seg,20240425_nk92_10x_uncaged_4_class,bead,-1.0,-1.0,0.0,0.0,0.0,0.0,0.0,0.0
rf_detr_seg,20240425_nk92_10x_uncaged_4_class,cell-adhered,-1.0,-1.0,0.0,0.0,0.0,0.0,0.0,0.0
rf_detr_seg,20240425_nk92_10x_uncaged_4_class,soma,-1.0,-1.0,0.0,0.0,0.0,0.0,0.0,0.0
yolov26,20240425_nk92_10x_uncaged_4_class,all,0.8557793558239983,0.6381677997165344,,,,,,
yolov26,20240425_nk92_10x_uncaged_4_class,cell,0.8557793558239983,0.6381677997165344,119.0,16.0,18.0,0.8814814814814815,0.8686131386861314,0.8749999999999999
yolov26,20240425_nk92_10x_uncaged_4_class,bead,-1.0,-1.0,0.0,0.0,0.0,0.0,0.0,0.0
yolov26,20240425_nk92_10x_uncaged_4_class,cell-adhered,-1.0,-1.0,0.0,0.0,0.0,0.0,0.0,0.0
yolov26,20240425_nk92_10x_uncaged_4_class,soma,-1.0,-1.0,0.0,0.0,0.0,0.0,0.0,0.0
yolo,20240425_nk92_10x_uncaged_4_class,all,0.8992025235230973,0.6350461054198795,,,,,,
yolo,20240425_nk92_10x_uncaged_4_class,cell,0.8992025235230973,0.6350461054198795,124.0,4.0,13.0,0.96875,0.9051094890510949,0.9358490566037736
yolo,20240425_nk92_10x_uncaged_4_class,bead,-1.0,-1.0,0.0,0.0,0.0,0.0,0.0,0.0
yolo,20240425_nk92_10x_uncaged_4_class,cell-adhered,-1.0,-1.0,0.0,0.0,0.0,0.0,0.0,0.0
yolo,20240425_nk92_10x_uncaged_4_class,soma,-1.0,-1.0,0.0,0.0,0.0,0.0,0.0,0.0
rf_detr_seg,20240924_enteric-glia-adhered_10x_uncaged_4_class,all,0.9359588784890445,0.7756201771789792,,,,,,
rf_detr_seg,20240924_enteric-glia-adhered_10x_uncaged_4_class,cell,0.923761301122997,0.7463861494478257,2521.0,1005.0,97.0,0.7149744753261487,0.9629488158899924,0.8206380208333334
rf_detr_seg,20240924_enteric-glia-adhered_10x_uncaged_4_class,bead,-1.0,-1.0,0.0,0.0,0.0,0.0,0.0,0.0
rf_detr_seg,20240924_enteric-glia-adhered_10x_uncaged_4_class,cell-adhered,0.9481564558550918,0.8048542049101327,10783.0,2656.0,359.0,0.8023662474886525,0.9677795727876504,0.8773442903055205
rf_detr_seg,20240924_enteric-glia-adhered_10x_uncaged_4_class,soma,-1.0,-1.0,0.0,0.0,0.0,0.0,0.0,0.0
yolov26,20240924_enteric-glia-adhered_10x_uncaged_4_class,all,0.8774172209585238,0.7584456147173202,,,,,,
yolov26,20240924_enteric-glia-adhered_10x_uncaged_4_class,cell,0.8369167122382284,0.7192364597211308,2270.0,472.0,348.0,0.8278628738147338,0.86707410236822,0.8470149253731343
yolov26,20240924_enteric-glia-adhered_10x_uncaged_4_class,bead,-1.0,-1.0,0.0,0.0,0.0,0.0,0.0,0.0
yolov26,20240924_enteric-glia-adhered_10x_uncaged_4_class,cell-adhered,0.917917729678819,0.7976547697135095,10470.0,1221.0,672.0,0.8955606877084937,0.9396876682821755,0.9170936801997108
yolov26,20240924_enteric-glia-adhered_10x_uncaged_4_class,soma,-1.0,-1.0,0.0,0.0,0.0,0.0,0.0,0.0
yolo,20240924_enteric-glia-adhered_10x_uncaged_4_class,all,0.8870707985393909,0.7447533916389646,,,,,,
yolo,20240924_enteric-glia-adhered_10x_uncaged_4_class,cell,0.8411722563325356,0.7079928035549197,2259.0,393.0,359.0,0.8518099547511312,0.8628724216959511,0.8573055028462998
yolo,20240924_enteric-glia-adhered_10x_uncaged_4_class,bead,-1.0,-1.0,0.0,0.0,0.0,0.0,0.0,0.0
yolo,20240924_enteric-glia-adhered_10x_uncaged_4_class,cell-adhered,0.932969340746246,0.7815139797230095,10592.0,2082.0,550.0,0.8357266845510494,0.9506372285047567,0.8894860597917366
yolo,20240924_enteric-glia-adhered_10x_uncaged_4_class,soma,-1.0,-1.0,0.0,0.0,0.0,0.0,0.0,0.0
rf_detr_seg,20250305_neuron-adhered_10x_uncaged_4_class,all,0.9636282280156043,0.6128034443696582,,,,,,
rf_detr_seg,20250305_neuron-adhered_10x_uncaged_4_class,cell,0.9636116237384554,0.5774179419688166,126562.0,21321.0,3712.0,0.8558252131752805,0.9715062099881787,0.9100040624539378
rf_detr_seg,20250305_neuron-adhered_10x_uncaged_4_class,bead,-1.0,-1.0,0.0,0.0,0.0,0.0,0.0,0.0
rf_detr_seg,20250305_neuron-adhered_10x_uncaged_4_class,cell-adhered,-1.0,-1.0,0.0,0.0,0.0,0.0,0.0,0.0
rf_detr_seg,20250305_neuron-adhered_10x_uncaged_4_class,soma,0.963644832292753,0.6481889467704997,42456.0,6907.0,1076.0,0.8600773858963191,0.9752825507672517,0.914064266106895
yolov26,20250305_neuron-adhered_10x_uncaged_4_class,all,0.9317187612005194,0.5991295421304462,,,,,,
yolov26,20250305_neuron-adhered_10x_uncaged_4_class,cell,0.9251988672009755,0.5609690587543928,122219.0,9298.0,8055.0,0.9293019153417429,0.9381687827194989,0.9337142988108835
yolov26,20250305_neuron-adhered_10x_uncaged_4_class,bead,-1.0,-1.0,0.0,0.0,0.0,0.0,0.0,0.0
yolov26,20250305_neuron-adhered_10x_uncaged_4_class,cell-adhered,-1.0,-1.0,0.0,0.0,0.0,0.0,0.0,0.0
yolov26,20250305_neuron-adhered_10x_uncaged_4_class,soma,0.938238655200063,0.6372900255064996,41736.0,5977.0,1796.0,0.8747301573994509,0.9587429936598364,0.914811770507973
yolo,20250305_neuron-adhered_10x_uncaged_4_class,all,0.9499291294904889,0.6139961324459207,,,,,,
yolo,20250305_neuron-adhered_10x_uncaged_4_class,cell,0.9454968655137295,0.5844557441136394,124038.0,9956.0,6236.0,0.925698165589504,0.9521316609607443,0.9387288661510285
yolo,20250305_neuron-adhered_10x_uncaged_4_class,bead,-1.0,-1.0,0.0,0.0,0.0,0.0,0.0,0.0
yolo,20250305_neuron-adhered_10x_uncaged_4_class,cell-adhered,-1.0,-1.0,0.0,0.0,0.0,0.0,0.0,0.0
yolo,20250305_neuron-adhered_10x_uncaged_4_class,soma,0.9543613934672482,0.643536520778202,42027.0,2655.0,1505.0,0.9405800993688733,0.9654277313240834,0.9528419525245425
rf_detr_seg,20241003_Hs675Tfibroblasts-suspension-beads_10x_uncaged_4_class,all,0.958341664520177,0.6705530618662056,,,,,,
rf_detr_seg,20241003_Hs675Tfibroblasts-suspension-beads_10x_uncaged_4_class,cell,0.9267272737858988,0.670111799590585,4174.0,1574.0,218.0,0.7261656228253306,0.9503642987249544,0.8232741617357003
rf_detr_seg,20241003_Hs675Tfibroblasts-suspension-beads_10x_uncaged_4_class,bead,0.989956055254455,0.670994324141826,90366.0,1286.0,174.0,0.9859686640771614,0.9980781974817761,0.9919864758057434
rf_detr_seg,20241003_Hs675Tfibroblasts-suspension-beads_10x_uncaged_4_class,cell-adhered,-1.0,-1.0,0.0,0.0,0.0,0.0,0.0,0.0
rf_detr_seg,20241003_Hs675Tfibroblasts-suspension-beads_10x_uncaged_4_class,soma,-1.0,-1.0,0.0,0.0,0.0,0.0,0.0,0.0
yolov26,20241003_Hs675Tfibroblasts-suspension-beads_10x_uncaged_4_class,all,0.9367309489326703,0.6950731240228643,,,,,,
yolov26,20241003_Hs675Tfibroblasts-suspension-beads_10x_uncaged_4_class,cell,0.8843577446840243,0.6663639173281319,3985.0,645.0,407.0,0.8606911447084233,0.9073315118397086,0.883396142762137
yolov26,20241003_Hs675Tfibroblasts-suspension-beads_10x_uncaged_4_class,bead,0.9891041531813163,0.7237823307175963,90300.0,3677.0,240.0,0.9608734051948881,0.9973492379058979,0.978771603700472
yolov26,20241003_Hs675Tfibroblasts-suspension-beads_10x_uncaged_4_class,cell-adhered,-1.0,-1.0,0.0,0.0,0.0,0.0,0.0,0.0
yolov26,20241003_Hs675Tfibroblasts-suspension-beads_10x_uncaged_4_class,soma,-1.0,-1.0,0.0,0.0,0.0,0.0,0.0,0.0
yolo,20241003_Hs675Tfibroblasts-suspension-beads_10x_uncaged_4_class,all,0.948774509666022,0.7003201896339724,,,,,,
yolo,20241003_Hs675Tfibroblasts-suspension-beads_10x_uncaged_4_class,cell,0.9079450300884906,0.6746274027028576,4073.0,731.0,319.0,0.8478351373855121,0.927367941712204,0.885819921705089
yolo,20241003_Hs675Tfibroblasts-suspension-beads_10x_uncaged_4_class,bead,0.9896039892435534,0.7260129765650872,90289.0,3074.0,251.0,0.9670747512397845,0.9972277446432516,0.9819198164249632
yolo,20241003_Hs675Tfibroblasts-suspension-beads_10x_uncaged_4_class,cell-adhered,-1.0,-1.0,0.0,0.0,0.0,0.0,0.0,0.0
yolo,20241003_Hs675Tfibroblasts-suspension-beads_10x_uncaged_4_class,soma,-1.0,-1.0,0.0,0.0,0.0,0.0,0.0,0.0
rf_detr_seg,240213_imr90_multichannel_overlay_4_class,all,0.9323759105219253,0.7641634987301611,,,,,,
rf_detr_seg,240213_imr90_multichannel_overlay_4_class,cell,0.9370552540327998,0.7323118049032811,485.0,270.0,14.0,0.6423841059602649,0.9719438877755511,0.7735247208931418
rf_detr_seg,240213_imr90_multichannel_overlay_4_class,bead,-1.0,-1.0,0.0,0.0,0.0,0.0,0.0,0.0
rf_detr_seg,240213_imr90_multichannel_overlay_4_class,cell-adhered,0.9276965670110505,0.7960151925570411,1555.0,299.0,89.0,0.8387270765911543,0.9458637469586375,0.8890794739851344
rf_detr_seg,240213_imr90_multichannel_overlay_4_class,soma,-1.0,-1.0,0.0,0.0,0.0,0.0,0.0,0.0
yolov26,240213_imr90_multichannel_overlay_4_class,all,0.8836681545877604,0.7421243087757153,,,,,,
yolov26,240213_imr90_multichannel_overlay_4_class,cell,0.8669897813783622,0.7015092661435979,447.0,92.0,52.0,0.8293135435992579,0.8957915831663327,0.861271676300578
yolov26,240213_imr90_multichannel_overlay_4_class,bead,-1.0,-1.0,0.0,0.0,0.0,0.0,0.0,0.0
yolov26,240213_imr90_multichannel_overlay_4_class,cell-adhered,0.9003465277971584,0.7827393514078328,1512.0,141.0,132.0,0.9147005444646098,0.9197080291970803,0.9171974522292994
yolov26,240213_imr90_multichannel_overlay_4_class,soma,-1.0,-1.0,0.0,0.0,0.0,0.0,0.0,0.0
yolo,240213_imr90_multichannel_overlay_4_class,all,0.8669380654793233,0.7064987848442393,,,,,,
yolo,240213_imr90_multichannel_overlay_4_class,cell,0.8420023157501142,0.6620256563934732,438.0,94.0,61.0,0.8233082706766918,0.8777555110220441,0.8496605237633366
yolo,240213_imr90_multichannel_overlay_4_class,bead,-1.0,-1.0,0.0,0.0,0.0,0.0,0.0,0.0
yolo,240213_imr90_multichannel_overlay_4_class,cell-adhered,0.8918738152085326,0.7509719132950052,1509.0,239.0,135.0,0.8632723112128147,0.9178832116788321,0.8897405660377358
yolo,240213_imr90_multichannel_overlay_4_class,soma,-1.0,-1.0,0.0,0.0,0.0,0.0,0.0,0.0
rf_detr_seg,20240305_pbmc-nobeads_10x_uncaged_4_class,all,0.9801536207432403,0.7539918086490349,,,,,,
rf_detr_seg,20240305_pbmc-nobeads_10x_uncaged_4_class,cell,0.9801536207432403,0.7539918086490349,222.0,4.0,4.0,0.9823008849557522,0.9823008849557522,0.9823008849557522
rf_detr_seg,20240305_pbmc-nobeads_10x_uncaged_4_class,bead,-1.0,-1.0,0.0,0.0,0.0,0.0,0.0,0.0
rf_detr_seg,20240305_pbmc-nobeads_10x_uncaged_4_class,cell-adhered,-1.0,-1.0,0.0,0.0,0.0,0.0,0.0,0.0
rf_detr_seg,20240305_pbmc-nobeads_10x_uncaged_4_class,soma,-1.0,-1.0,0.0,0.0,0.0,0.0,0.0,0.0
yolov26,20240305_pbmc-nobeads_10x_uncaged_4_class,all,0.9496187826329804,0.6630073646316611,,,,,,
yolov26,20240305_pbmc-nobeads_10x_uncaged_4_class,cell,0.9496187826329804,0.6630073646316611,215.0,6.0,11.0,0.9728506787330317,0.9513274336283186,0.9619686800894854
yolov26,20240305_pbmc-nobeads_10x_uncaged_4_class,bead,-1.0,-1.0,0.0,0.0,0.0,0.0,0.0,0.0
yolov26,20240305_pbmc-nobeads_10x_uncaged_4_class,cell-adhered,-1.0,-1.0,0.0,0.0,0.0,0.0,0.0,0.0
yolov26,20240305_pbmc-nobeads_10x_uncaged_4_class,soma,-1.0,-1.0,0.0,0.0,0.0,0.0,0.0,0.0
yolo,20240305_pbmc-nobeads_10x_uncaged_4_class,all,0.9603060306030604,0.6995674015650057,,,,,,
yolo,20240305_pbmc-nobeads_10x_uncaged_4_class,cell,0.9603060306030604,0.6995674015650057,219.0,1.0,7.0,0.9954545454545455,0.9690265486725663,0.9820627802690582
yolo,20240305_pbmc-nobeads_10x_uncaged_4_class,bead,-1.0,-1.0,0.0,0.0,0.0,0.0,0.0,0.0
yolo,20240305_pbmc-nobeads_10x_uncaged_4_class,cell-adhered,-1.0,-1.0,0.0,0.0,0.0,0.0,0.0,0.0
yolo,20240305_pbmc-nobeads_10x_uncaged_4_class,soma,-1.0,-1.0,0.0,0.0,0.0,0.0,0.0,0.0
rf_detr_seg,20260316_a549-tomm20-gfp-adhered_10x_caged_at_4x_4_class,all,0.6633939775315191,0.4787131927073694,,,,,,
rf_detr_seg,20260316_a549-tomm20-gfp-adhered_10x_caged_at_4x_4_class,cell,0.6811180696831489,0.49014630457180425,1537.0,4587.0,17.0,0.2509797517962116,0.989060489060489,0.4003646783016411
rf_detr_seg,20260316_a549-tomm20-gfp-adhered_10x_caged_at_4x_4_class,bead,-1.0,-1.0,0.0,0.0,0.0,0.0,0.0,0.0
rf_detr_seg,20260316_a549-tomm20-gfp-adhered_10x_caged_at_4x_4_class,cell-adhered,0.645669885379889,0.46728008084293443,6981.0,2105.0,2861.0,0.7683248954435395,0.7093070514123145,0.7376373626373627
rf_detr_seg,20260316_a549-tomm20-gfp-adhered_10x_caged_at_4x_4_class,soma,-1.0,-1.0,0.0,0.0,0.0,0.0,0.0,0.0
yolov26,20260316_a549-tomm20-gfp-adhered_10x_caged_at_4x_4_class,all,0.6749931616817352,0.5043134285052913,,,,,,
yolov26,20260316_a549-tomm20-gfp-adhered_10x_caged_at_4x_4_class,cell,0.7545706972402026,0.5805061591194249,1521.0,3191.0,33.0,0.32279286926994905,0.9787644787644788,0.4854771784232365
yolov26,20260316_a549-tomm20-gfp-adhered_10x_caged_at_4x_4_class,bead,-1.0,-1.0,0.0,0.0,0.0,0.0,0.0,0.0
yolov26,20260316_a549-tomm20-gfp-adhered_10x_caged_at_4x_4_class,cell-adhered,0.595415626123268,0.4281206978911575,6272.0,832.0,3570.0,0.8828828828828829,0.6372688477951636,0.7402336834651245
yolov26,20260316_a549-tomm20-gfp-adhered_10x_caged_at_4x_4_class,soma,-1.0,-1.0,0.0,0.0,0.0,0.0,0.0,0.0
yolo,20260316_a549-tomm20-gfp-adhered_10x_caged_at_4x_4_class,all,0.648780439241784,0.4833606813062271,,,,,,
yolo,20260316_a549-tomm20-gfp-adhered_10x_caged_at_4x_4_class,cell,0.719863017114847,0.5612885857129906,1517.0,3341.0,37.0,0.3122684232194319,0.9761904761904762,0.47317529631940114
yolo,20260316_a549-tomm20-gfp-adhered_10x_caged_at_4x_4_class,bead,-1.0,-1.0,0.0,0.0,0.0,0.0,0.0,0.0
yolo,20260316_a549-tomm20-gfp-adhered_10x_caged_at_4x_4_class,cell-adhered,0.5776978613687209,0.4054327768994638,6041.0,835.0,3801.0,0.8785631180919139,0.6137980085348507,0.7226941021653308
yolo,20260316_a549-tomm20-gfp-adhered_10x_caged_at_4x_4_class,soma,-1.0,-1.0,0.0,0.0,0.0,0.0,0.0,0.0
rf_detr_seg,20240422_neuron-adhered_10x_uncaged_4_class,all,0.8886419311719479,0.5071128919421042,,,,,,
rf_detr_seg,20240422_neuron-adhered_10x_uncaged_4_class,cell,0.8685749048925887,0.4399107136008675,18639.0,5962.0,1649.0,0.757652127962278,0.9187204258675079,0.8304484394840608
rf_detr_seg,20240422_neuron-adhered_10x_uncaged_4_class,bead,-1.0,-1.0,0.0,0.0,0.0,0.0,0.0,0.0
rf_detr_seg,20240422_neuron-adhered_10x_uncaged_4_class,cell-adhered,-1.0,-1.0,0.0,0.0,0.0,0.0,0.0,0.0
rf_detr_seg,20240422_neuron-adhered_10x_uncaged_4_class,soma,0.908708957451307,0.5743150702833411,5420.0,1082.0,106.0,0.8335896647185481,0.9808179515019906,0.901230462254739
yolov26,20240422_neuron-adhered_10x_uncaged_4_class,all,0.8245284007249697,0.4581294854981948,,,,,,
yolov26,20240422_neuron-adhered_10x_uncaged_4_class,cell,0.7834568261104321,0.3936006816834118,17230.0,3233.0,3058.0,0.8420075257782339,0.8492705047318612,0.8456234202841649
yolov26,20240422_neuron-adhered_10x_uncaged_4_class,bead,-1.0,-1.0,0.0,0.0,0.0,0.0,0.0,0.0
yolov26,20240422_neuron-adhered_10x_uncaged_4_class,cell-adhered,-1.0,-1.0,0.0,0.0,0.0,0.0,0.0,0.0
yolov26,20240422_neuron-adhered_10x_uncaged_4_class,soma,0.8655999753395076,0.522658289312978,5287.0,1023.0,239.0,0.8378763866877972,0.9567499095186391,0.8933761405880365
yolo,20240422_neuron-adhered_10x_uncaged_4_class,all,0.8456493311968394,0.48090729650809183,,,,,,
yolo,20240422_neuron-adhered_10x_uncaged_4_class,cell,0.8105284487070605,0.40550806398232614,17548.0,3625.0,2740.0,0.8287913852548057,0.8649447949526814,0.846482236318468
yolo,20240422_neuron-adhered_10x_uncaged_4_class,bead,-1.0,-1.0,0.0,0.0,0.0,0.0,0.0,0.0
yolo,20240422_neuron-adhered_10x_uncaged_4_class,cell-adhered,-1.0,-1.0,0.0,0.0,0.0,0.0,0.0,0.0
yolo,20240422_neuron-adhered_10x_uncaged_4_class,soma,0.8807702136866181,0.5563065290338575,5385.0,1174.0,141.0,0.821009300198201,0.9744842562432139,0.8911874224244932
rf_detr_seg,20240625_mc38_10x_caged_4_class,all,0.8734871968909097,0.6443703846511835,,,,,,
rf_detr_seg,20240625_mc38_10x_caged_4_class,cell,0.8841357130253195,0.660045174061743,4968.0,3019.0,294.0,0.6220107674971829,0.9441277080957811,0.7499433919541096
rf_detr_seg,20240625_mc38_10x_caged_4_class,bead,-1.0,-1.0,0.0,0.0,0.0,0.0,0.0,0.0
rf_detr_seg,20240625_mc38_10x_caged_4_class,cell-adhered,0.8628386807565,0.6286955952406238,7893.0,4178.0,597.0,0.6538812028829426,0.9296819787985866,0.7677642138028307
rf_detr_seg,20240625_mc38_10x_caged_4_class,soma,-1.0,-1.0,0.0,0.0,0.0,0.0,0.0,0.0
yolov26,20240625_mc38_10x_caged_4_class,all,0.8102682846146434,0.6052482614244394,,,,,,
yolov26,20240625_mc38_10x_caged_4_class,cell,0.807492249574774,0.6148636542604188,4490.0,1424.0,772.0,0.7592154210348326,0.8532877232991258,0.8035075161059414
yolov26,20240625_mc38_10x_caged_4_class,bead,-1.0,-1.0,0.0,0.0,0.0,0.0,0.0,0.0
yolov26,20240625_mc38_10x_caged_4_class,cell-adhered,0.8130443196545128,0.59563286858846,7375.0,1831.0,1115.0,0.8011079730610472,0.8686690223792697,0.8335216998191681
yolov26,20240625_mc38_10x_caged_4_class,soma,-1.0,-1.0,0.0,0.0,0.0,0.0,0.0,0.0
yolo,20240625_mc38_10x_caged_4_class,all,0.8172129623937217,0.5959493913565979,,,,,,
yolo,20240625_mc38_10x_caged_4_class,cell,0.8198257850353081,0.6083265219374256,4496.0,1023.0,766.0,0.8146403333937308,0.8544279741543139,0.8340599202300344
yolo,20240625_mc38_10x_caged_4_class,bead,-1.0,-1.0,0.0,0.0,0.0,0.0,0.0,0.0
yolo,20240625_mc38_10x_caged_4_class,cell-adhered,0.8146001397521352,0.58357226077577,7462.0,2429.0,1028.0,0.7544232130219392,0.8789163722025913,0.8119253577063272
yolo,20240625_mc38_10x_caged_4_class,soma,-1.0,-1.0,0.0,0.0,0.0,0.0,0.0,0.0
rf_detr_seg,20250917_moc22-adhered_10x_caged_4_class,all,0.32782926202546014,0.23124258888053606,,,,,,
rf_detr_seg,20250917_moc22-adhered_10x_caged_4_class,cell,0.20134329750465232,0.14673596966974017,411.0,8333.0,21.0,0.04700365965233303,0.9513888888888888,0.08958151700087186
rf_detr_seg,20250917_moc22-adhered_10x_caged_4_class,bead,-1.0,-1.0,0.0,0.0,0.0,0.0,0.0,0.0
rf_detr_seg,20250917_moc22-adhered_10x_caged_4_class,cell-adhered,0.454315226546268,0.315749208091332,5668.0,3519.0,4488.0,0.6169587460542071,0.5580937376920048,0.5860518016853642
rf_detr_seg,20250917_moc22-adhered_10x_caged_4_class,soma,-1.0,-1.0,0.0,0.0,0.0,0.0,0.0,0.0
yolov26,20250917_moc22-adhered_10x_caged_4_class,all,0.31250000970271913,0.21704747992290843,,,,,,
yolov26,20250917_moc22-adhered_10x_caged_4_class,cell,0.1913222198674369,0.13954559291115431,378.0,4038.0,54.0,0.08559782608695653,0.875,0.15594059405940594
yolov26,20250917_moc22-adhered_10x_caged_4_class,bead,-1.0,-1.0,0.0,0.0,0.0,0.0,0.0,0.0
yolov26,20250917_moc22-adhered_10x_caged_4_class,cell-adhered,0.4336777995380014,0.2945493669346626,5043.0,1540.0,5113.0,0.7660641045116209,0.49655376132335566,0.6025449548957524
yolov26,20250917_moc22-adhered_10x_caged_4_class,soma,-1.0,-1.0,0.0,0.0,0.0,0.0,0.0,0.0
yolo,20250917_moc22-adhered_10x_caged_4_class,all,0.39470945710181926,0.26978922227232477,,,,,,
yolo,20250917_moc22-adhered_10x_caged_4_class,cell,0.31208184370903497,0.2351694109826708,378.0,4218.0,54.0,0.08224543080939947,0.875,0.1503579952267303
yolo,20250917_moc22-adhered_10x_caged_4_class,bead,-1.0,-1.0,0.0,0.0,0.0,0.0,0.0,0.0
yolo,20250917_moc22-adhered_10x_caged_4_class,cell-adhered,0.4773370704946036,0.3044090335619786,5643.0,2168.0,4513.0,0.722442709000128,0.5556321386372588,0.6281516112873602
yolo,20250917_moc22-adhered_10x_caged_4_class,soma,-1.0,-1.0,0.0,0.0,0.0,0.0,0.0,0.0
rf_detr_seg,20240228_nk92_10x_caged_4_class,all,0.9442219757212663,0.6602421322928439,,,,,,
rf_detr_seg,20240228_nk92_10x_caged_4_class,cell,0.9442219757212663,0.6602421322928439,2466.0,658.0,101.0,0.7893725992317542,0.9606544604596806,0.8666315234580918
rf_detr_seg,20240228_nk92_10x_caged_4_class,bead,-1.0,-1.0,0.0,0.0,0.0,0.0,0.0,0.0
rf_detr_seg,20240228_nk92_10x_caged_4_class,cell-adhered,-1.0,-1.0,0.0,0.0,0.0,0.0,0.0,0.0
rf_detr_seg,20240228_nk92_10x_caged_4_class,soma,-1.0,-1.0,0.0,0.0,0.0,0.0,0.0,0.0
yolov26,20240228_nk92_10x_caged_4_class,all,0.8881911792235875,0.6394009511439099,,,,,,
yolov26,20240228_nk92_10x_caged_4_class,cell,0.8881911792235875,0.6394009511439099,2332.0,355.0,235.0,0.8678823967249721,0.9084534476042072,0.8877046060144651
yolov26,20240228_nk92_10x_caged_4_class,bead,-1.0,-1.0,0.0,0.0,0.0,0.0,0.0,0.0
yolov26,20240228_nk92_10x_caged_4_class,cell-adhered,-1.0,-1.0,0.0,0.0,0.0,0.0,0.0,0.0
yolov26,20240228_nk92_10x_caged_4_class,soma,-1.0,-1.0,0.0,0.0,0.0,0.0,0.0,0.0
yolo,20240228_nk92_10x_caged_4_class,all,0.9025547025447583,0.623721217531396,,,,,,
yolo,20240228_nk92_10x_caged_4_class,cell,0.9025547025447583,0.623721217531396,2352.0,262.0,215.0,0.899770466717674,0.9162446435527853,0.9079328314997104
yolo,20240228_nk92_10x_caged_4_class,bead,-1.0,-1.0,0.0,0.0,0.0,0.0,0.0,0.0
yolo,20240228_nk92_10x_caged_4_class,cell-adhered,-1.0,-1.0,0.0,0.0,0.0,0.0,0.0,0.0
yolo,20240228_nk92_10x_caged_4_class,soma,-1.0,-1.0,0.0,0.0,0.0,0.0,0.0,0.0
rf_detr_seg,20240816_tall104_10x_caged_at_4x_4_class,all,0.8831839655369158,0.5905810015181289,,,,,,
rf_detr_seg,20240816_tall104_10x_caged_at_4x_4_class,cell,0.8831839655369158,0.5905810015181289,2604.0,1710.0,170.0,0.6036161335187761,0.9387166546503244,0.7347629796839729
rf_detr_seg,20240816_tall104_10x_caged_at_4x_4_class,bead,-1.0,-1.0,0.0,0.0,0.0,0.0,0.0,0.0
rf_detr_seg,20240816_tall104_10x_caged_at_4x_4_class,cell-adhered,-1.0,-1.0,0.0,0.0,0.0,0.0,0.0,0.0
rf_detr_seg,20240816_tall104_10x_caged_at_4x_4_class,soma,-1.0,-1.0,0.0,0.0,0.0,0.0,0.0,0.0
yolov26,20240816_tall104_10x_caged_at_4x_4_class,all,0.8071130432710059,0.5721681071417878,,,,,,
yolov26,20240816_tall104_10x_caged_at_4x_4_class,cell,0.8071130432710059,0.5721681071417878,2311.0,523.0,463.0,0.81545518701482,0.8330930064888248,0.8241797432239657
yolov26,20240816_tall104_10x_caged_at_4x_4_class,bead,-1.0,-1.0,0.0,0.0,0.0,0.0,0.0,0.0
yolov26,20240816_tall104_10x_caged_at_4x_4_class,cell-adhered,-1.0,-1.0,0.0,0.0,0.0,0.0,0.0,0.0
yolov26,20240816_tall104_10x_caged_at_4x_4_class,soma,-1.0,-1.0,0.0,0.0,0.0,0.0,0.0,0.0
yolo,20240816_tall104_10x_caged_at_4x_4_class,all,0.8585325443857724,0.5853557742417906,,,,,,
yolo,20240816_tall104_10x_caged_at_4x_4_class,cell,0.8585325443857724,0.5853557742417906,2449.0,507.0,325.0,0.8284844384303113,0.8828406633020909,0.8547993019197209
yolo,20240816_tall104_10x_caged_at_4x_4_class,bead,-1.0,-1.0,0.0,0.0,0.0,0.0,0.0,0.0
yolo,20240816_tall104_10x_caged_at_4x_4_class,cell-adhered,-1.0,-1.0,0.0,0.0,0.0,0.0,0.0,0.0
yolo,20240816_tall104_10x_caged_at_4x_4_class,soma,-1.0,-1.0,0.0,0.0,0.0,0.0,0.0,0.0
rf_detr_seg,20240704_neuron-adhered_10x_caged_4_class,all,0.8964569061614454,0.5742607156078311,,,,,,
rf_detr_seg,20240704_neuron-adhered_10x_caged_4_class,cell,0.890276099112842,0.534987263965992,23527.0,7466.0,1789.0,0.7591068951053463,0.9293332279981039,0.8356390630272248
rf_detr_seg,20240704_neuron-adhered_10x_caged_4_class,bead,-1.0,-1.0,0.0,0.0,0.0,0.0,0.0,0.0
rf_detr_seg,20240704_neuron-adhered_10x_caged_4_class,cell-adhered,-1.0,-1.0,0.0,0.0,0.0,0.0,0.0,0.0
rf_detr_seg,20240704_neuron-adhered_10x_caged_4_class,soma,0.9026377132100486,0.6135341672496701,12236.0,2848.0,862.0,0.8111906656059401,0.9341884257138494,0.8683556880278192
yolov26,20240704_neuron-adhered_10x_caged_4_class,all,0.842986680842492,0.5696131367741573,,,,,,
yolov26,20240704_neuron-adhered_10x_caged_4_class,cell,0.8341412122236677,0.5414737625579684,21994.0,3128.0,3322.0,0.8754876204123876,0.8687786380154843,0.8721202268131172
yolov26,20240704_neuron-adhered_10x_caged_4_class,bead,-1.0,-1.0,0.0,0.0,0.0,0.0,0.0,0.0
yolov26,20240704_neuron-adhered_10x_caged_4_class,cell-adhered,-1.0,-1.0,0.0,0.0,0.0,0.0,0.0,0.0
yolov26,20240704_neuron-adhered_10x_caged_4_class,soma,0.8518321494613162,0.5977525109903462,11532.0,1673.0,1566.0,0.873305566073457,0.880439761795694,0.8768581530623883
yolo,20240704_neuron-adhered_10x_caged_4_class,all,0.8638383713040023,0.5733078896521256,,,,,,
yolo,20240704_neuron-adhered_10x_caged_4_class,cell,0.8552354531999253,0.541383944953879,22440.0,3572.0,2876.0,0.8626787636475473,0.8863959551271923,0.8743765586034912
yolo,20240704_neuron-adhered_10x_caged_4_class,bead,-1.0,-1.0,0.0,0.0,0.0,0.0,0.0,0.0
yolo,20240704_neuron-adhered_10x_caged_4_class,cell-adhered,-1.0,-1.0,0.0,0.0,0.0,0.0,0.0,0.0
yolo,20240704_neuron-adhered_10x_caged_4_class,soma,0.8724412894080791,0.6052318343503724,11931.0,1888.0,1167.0,0.863376510601346,0.9109024278515804,0.8865029535237955
rf_detr_seg,20240509_Hs675Tfibroblasts_10x_caged_4_class,all,0.9335093303342231,0.7142317176890464,,,,,,
rf_detr_seg,20240509_Hs675Tfibroblasts_10x_caged_4_class,cell,0.9335357821352532,0.7167395434604925,4169.0,905.0,241.0,0.82163973196689,0.9453514739229025,0.8791649093209616
rf_detr_seg,20240509_Hs675Tfibroblasts_10x_caged_4_class,bead,-1.0,-1.0,0.0,0.0,0.0,0.0,0.0,0.0
rf_detr_seg,20240509_Hs675Tfibroblasts_10x_caged_4_class,cell-adhered,0.9334828785331931,0.7117238919176001,5652.0,1917.0,218.0,0.746730083234245,0.9628620102214651,0.8411340129473919
rf_detr_seg,20240509_Hs675Tfibroblasts_10x_caged_4_class,soma,-1.0,-1.0,0.0,0.0,0.0,0.0,0.0,0.0
yolov26,20240509_Hs675Tfibroblasts_10x_caged_4_class,all,0.8646432347059959,0.6656094781365738,,,,,,
yolov26,20240509_Hs675Tfibroblasts_10x_caged_4_class,cell,0.8844251626160542,0.6935279297768258,3960.0,347.0,450.0,0.9194334803807754,0.8979591836734694,0.9085694619708615
yolov26,20240509_Hs675Tfibroblasts_10x_caged_4_class,bead,-1.0,-1.0,0.0,0.0,0.0,0.0,0.0,0.0
yolov26,20240509_Hs675Tfibroblasts_10x_caged_4_class,cell-adhered,0.8448613067959376,0.6376910264963215,5164.0,714.0,706.0,0.8785301122830895,0.8797274275979557,0.8791283622744298
yolov26,20240509_Hs675Tfibroblasts_10x_caged_4_class,soma,-1.0,-1.0,0.0,0.0,0.0,0.0,0.0,0.0
yolo,20240509_Hs675Tfibroblasts_10x_caged_4_class,all,0.8701092375885705,0.6543444231405489,,,,,,
yolo,20240509_Hs675Tfibroblasts_10x_caged_4_class,cell,0.8859777792169875,0.6938210558656089,3962.0,357.0,448.0,0.9173419773095624,0.8984126984126984,0.9077786688051322
yolo,20240509_Hs675Tfibroblasts_10x_caged_4_class,bead,-1.0,-1.0,0.0,0.0,0.0,0.0,0.0,0.0
yolo,20240509_Hs675Tfibroblasts_10x_caged_4_class,cell-adhered,0.8542406959601533,0.6148677904154887,5287.0,1298.0,583.0,0.8028853454821564,0.9006814310051108,0.8489763147330389
yolo,20240509_Hs675Tfibroblasts_10x_caged_4_class,soma,-1.0,-1.0,0.0,0.0,0.0,0.0,0.0,0.0
rf_detr_seg,20240516_DC-adhered_10x_caged_4_class,all,0.9125004107110695,0.6765820939017726,,,,,,
rf_detr_seg,20240516_DC-adhered_10x_caged_4_class,cell,0.8951821126092716,0.6594166243828081,7895.0,3972.0,358.0,0.6652903008342462,0.95662183448443,0.7847912524850894
rf_detr_seg,20240516_DC-adhered_10x_caged_4_class,bead,-1.0,-1.0,0.0,0.0,0.0,0.0,0.0,0.0
rf_detr_seg,20240516_DC-adhered_10x_caged_4_class,cell-adhered,0.9298187088128673,0.6937475634207373,8598.0,4180.0,231.0,0.6728752543434027,0.9738362215426436,0.795853195723608
rf_detr_seg,20240516_DC-adhered_10x_caged_4_class,soma,-1.0,-1.0,0.0,0.0,0.0,0.0,0.0,0.0
yolov26,20240516_DC-adhered_10x_caged_4_class,all,0.8547739111826573,0.644350224083503,,,,,,
yolov26,20240516_DC-adhered_10x_caged_4_class,cell,0.8252021400535082,0.6197412916702844,7222.0,1980.0,1031.0,0.7848293849163226,0.8750757300375621,0.8274992838728158
yolov26,20240516_DC-adhered_10x_caged_4_class,bead,-1.0,-1.0,0.0,0.0,0.0,0.0,0.0,0.0
yolov26,20240516_DC-adhered_10x_caged_4_class,cell-adhered,0.8843456823118064,0.6689591564967216,8139.0,2307.0,690.0,0.7791499138426192,0.9218484539585458,0.8445136186770429
yolov26,20240516_DC-adhered_10x_caged_4_class,soma,-1.0,-1.0,0.0,0.0,0.0,0.0,0.0,0.0
yolo,20240516_DC-adhered_10x_caged_4_class,all,0.8546173323900507,0.6342885807174062,,,,,,
yolo,20240516_DC-adhered_10x_caged_4_class,cell,0.8131319171684127,0.6014443885862104,7045.0,1586.0,1208.0,0.816243772448152,0.8536289833999757,0.8345178867566927
yolo,20240516_DC-adhered_10x_caged_4_class,bead,-1.0,-1.0,0.0,0.0,0.0,0.0,0.0,0.0
yolo,20240516_DC-adhered_10x_caged_4_class,cell-adhered,0.8961027476116887,0.6671327728486022,8241.0,2537.0,588.0,0.764613100760809,0.9334012911994564,0.840618146580303
yolo,20240516_DC-adhered_10x_caged_4_class,soma,-1.0,-1.0,0.0,0.0,0.0,0.0,0.0,0.0
rf_detr_seg,20240228_k562_10x_uncaged_4_class,all,0.9785870410349305,0.6580729324936263,,,,,,
rf_detr_seg,20240228_k562_10x_uncaged_4_class,cell,0.9785870410349305,0.6580729324936263,139.0,14.0,2.0,0.9084967320261438,0.9858156028368794,0.945578231292517
rf_detr_seg,20240228_k562_10x_uncaged_4_class,bead,-1.0,-1.0,0.0,0.0,0.0,0.0,0.0,0.0
rf_detr_seg,20240228_k562_10x_uncaged_4_class,cell-adhered,-1.0,-1.0,0.0,0.0,0.0,0.0,0.0,0.0
rf_detr_seg,20240228_k562_10x_uncaged_4_class,soma,-1.0,-1.0,0.0,0.0,0.0,0.0,0.0,0.0
yolov26,20240228_k562_10x_uncaged_4_class,all,0.9657555557769425,0.7191900407409925,,,,,,
yolov26,20240228_k562_10x_uncaged_4_class,cell,0.9657555557769425,0.7191900407409925,137.0,9.0,4.0,0.9383561643835616,0.9716312056737588,0.9547038327526133
yolov26,20240228_k562_10x_uncaged_4_class,bead,-1.0,-1.0,0.0,0.0,0.0,0.0,0.0,0.0
yolov26,20240228_k562_10x_uncaged_4_class,cell-adhered,-1.0,-1.0,0.0,0.0,0.0,0.0,0.0,0.0
yolov26,20240228_k562_10x_uncaged_4_class,soma,-1.0,-1.0,0.0,0.0,0.0,0.0,0.0,0.0
yolo,20240228_k562_10x_uncaged_4_class,all,0.9676363648964309,0.7459303945527428,,,,,,
yolo,20240228_k562_10x_uncaged_4_class,cell,0.9676363648964309,0.7459303945527428,137.0,9.0,4.0,0.9383561643835616,0.9716312056737588,0.9547038327526133
yolo,20240228_k562_10x_uncaged_4_class,bead,-1.0,-1.0,0.0,0.0,0.0,0.0,0.0,0.0
yolo,20240228_k562_10x_uncaged_4_class,cell-adhered,-1.0,-1.0,0.0,0.0,0.0,0.0,0.0,0.0
yolo,20240228_k562_10x_uncaged_4_class,soma,-1.0,-1.0,0.0,0.0,0.0,0.0,0.0,0.0
rf_detr_seg,20240228_jurkat_10x_caged_4_class,all,0.9787609249424158,0.7039742554282742,,,,,,
rf_detr_seg,20240228_jurkat_10x_caged_4_class,cell,0.9787609249424158,0.7039742554282742,1432.0,130.0,24.0,0.9167733674775929,0.9835164835164835,0.9489728296885355
rf_detr_seg,20240228_jurkat_10x_caged_4_class,bead,-1.0,-1.0,0.0,0.0,0.0,0.0,0.0,0.0
rf_detr_seg,20240228_jurkat_10x_caged_4_class,cell-adhered,-1.0,-1.0,0.0,0.0,0.0,0.0,0.0,0.0
rf_detr_seg,20240228_jurkat_10x_caged_4_class,soma,-1.0,-1.0,0.0,0.0,0.0,0.0,0.0,0.0
yolov26,20240228_jurkat_10x_caged_4_class,all,0.9675967380384393,0.7242464710760804,,,,,,
yolov26,20240228_jurkat_10x_caged_4_class,cell,0.9675967380384393,0.7242464710760804,1425.0,92.0,31.0,0.9393539881344759,0.9787087912087912,0.958627648839556
yolov26,20240228_jurkat_10x_caged_4_class,bead,-1.0,-1.0,0.0,0.0,0.0,0.0,0.0,0.0
yolov26,20240228_jurkat_10x_caged_4_class,cell-adhered,-1.0,-1.0,0.0,0.0,0.0,0.0,0.0,0.0
yolov26,20240228_jurkat_10x_caged_4_class,soma,-1.0,-1.0,0.0,0.0,0.0,0.0,0.0,0.0
yolo,20240228_jurkat_10x_caged_4_class,all,0.9691869102420647,0.7088786088306915,,,,,,
yolo,20240228_jurkat_10x_caged_4_class,cell,0.9691869102420647,0.7088786088306915,1424.0,66.0,32.0,0.9557046979865772,0.978021978021978,0.96673455532926
yolo,20240228_jurkat_10x_caged_4_class,bead,-1.0,-1.0,0.0,0.0,0.0,0.0,0.0,0.0
yolo,20240228_jurkat_10x_caged_4_class,cell-adhered,-1.0,-1.0,0.0,0.0,0.0,0.0,0.0,0.0
yolo,20240228_jurkat_10x_caged_4_class,soma,-1.0,-1.0,0.0,0.0,0.0,0.0,0.0,0.0
rf_detr_seg,20240228_hela-suspension_10x_caged_4_class,all,0.9799469636517185,0.7886228600763694,,,,,,
rf_detr_seg,20240228_hela-suspension_10x_caged_4_class,cell,0.9799469636517185,0.7886228600763694,2086.0,74.0,31.0,0.9657407407407408,0.9853566367501181,0.9754500818330606
rf_detr_seg,20240228_hela-suspension_10x_caged_4_class,bead,-1.0,-1.0,0.0,0.0,0.0,0.0,0.0,0.0
rf_detr_seg,20240228_hela-suspension_10x_caged_4_class,cell-adhered,-1.0,-1.0,0.0,0.0,0.0,0.0,0.0,0.0
rf_detr_seg,20240228_hela-suspension_10x_caged_4_class,soma,-1.0,-1.0,0.0,0.0,0.0,0.0,0.0,0.0
yolov26,20240228_hela-suspension_10x_caged_4_class,all,0.9782889861122186,0.8025259470185081,,,,,,
yolov26,20240228_hela-suspension_10x_caged_4_class,cell,0.9782889861122186,0.8025259470185081,2078.0,108.0,39.0,0.9505946935041171,0.9815777042985356,0.9658377875900535
yolov26,20240228_hela-suspension_10x_caged_4_class,bead,-1.0,-1.0,0.0,0.0,0.0,0.0,0.0,0.0
yolov26,20240228_hela-suspension_10x_caged_4_class,cell-adhered,-1.0,-1.0,0.0,0.0,0.0,0.0,0.0,0.0
yolov26,20240228_hela-suspension_10x_caged_4_class,soma,-1.0,-1.0,0.0,0.0,0.0,0.0,0.0,0.0
yolo,20240228_hela-suspension_10x_caged_4_class,all,0.9790731998176019,0.7796283539524125,,,,,,
yolo,20240228_hela-suspension_10x_caged_4_class,cell,0.9790731998176019,0.7796283539524125,2077.0,124.0,40.0,0.9436619718309859,0.9811053377420879,0.9620194534506716
yolo,20240228_hela-suspension_10x_caged_4_class,bead,-1.0,-1.0,0.0,0.0,0.0,0.0,0.0,0.0
yolo,20240228_hela-suspension_10x_caged_4_class,cell-adhered,-1.0,-1.0,0.0,0.0,0.0,0.0,0.0,0.0
yolo,20240228_hela-suspension_10x_caged_4_class,soma,-1.0,-1.0,0.0,0.0,0.0,0.0,0.0,0.0
